title,url,source_time,content
保藤国际引领青年力量，共赴COP29气候大会,https://caijing.chinadaily.com.cn/a/202411/22/WS67402003a310b59111da4f30.html,(东方网) 2024-11-22 13:19,在全球极端天气灾害频发的背景下，《联合国气候变化框架公约》缔约方会议第二十九次会议（COP29）11月11日-22日在阿塞拜疆首都巴库举行。此次大会旨在通过国际合作与交流，共同应对气候变化的紧迫挑战。很多国际组织带领世界青年代表加入了此次谈判并且这些青年人也在会议中提出自己的建议和科学技术解决方案。 当地时间11月21日，保藤国际引领着一群满怀激情的青年学生积极参与其中。青年学生们以独特的视角和创新的思维，为大会注入了新的活力与灵感。他们不仅关注当前的气候变化问题，更着眼于未来的可持续发展路径，积极提出建设性意见和建议。 来自南京的李同学在演讲中强调，在探索年轻人在应对气候变化中所能扮演的角色时，她提出了多种可以采取的行动方式。她的演讲不仅激发了听众的思考，也为青年一代在环境保护领域中如何积极作为提供了具体的方向。 在《保护海豚》的演讲中，来自南京的王同学深刻阐述了保护海豚的重要性，并具体提出了实际可行的保护措施。她认为保护南京无鳍豚的提议可以在国家、社会、区域和个人层面上实施。 南京的王同学在演讲中提到，作为新一代，我们既是未来的继承者也是变革的推动者。她以电动汽车为例，探讨了我们如何在交通领域对抗气候变化。通过在科学博览会上对电动车和燃油车的环境影响进行比较，王同学展示了我们可以通过选择清洁能源车辆来减少对环境的影响。 在《气候行动》演讲中，广东的刘同学强调了减少温室气体排放的国际合作重要性。他提出，国际间的信息交流能加速技术创新，国际组织为影响气候立法提供平台，各国应相互学习以改进气候计划。刘同学认为，紧密的国际合作是实现全球气候影响最大化的关键。 李同学提出了具体的环保建议和行动计划，他强调：“尽管我们作为学生，影响力有限，但我们对环保的决心是无限的。”他建议在学校成立环保俱乐部，推广垃圾分类和节能措施。同时，他鼓励我们获取并分享环保知识，与周围的人讨论气候变化的紧迫性，以此提升他们对环境保护的意识和承诺。通过这些实际行动，我们可以在保护环境的征途上迈出坚实的步伐。 青年学生们的参与，不仅有助于提升公众对气候变化问题的认识和关注度，更能够激发更多年轻人投身到环保事业中来，共同为地球的可持续发展贡献力量。他们的声音和行动，将推动全球社会更加积极地应对气候变化挑战，共同创造一个更加绿色、可持续的未来。 因此，我们应该高度重视青年学生在联合国气候变化大会上的重要作用，为他们提供更多的参与机会和资源支持，让他们在未来的环保事业中发挥更加积极的作用。保藤国际的创始人Alisa表示：“我们非常高兴能够带领学员们参加这次COP29大会。这不仅是一次学习和交流的机会，更是一次展示中国青年风采和担当的舞台。我们相信，通过青年们的共同努力和不懈奋斗，我们一定能够为地球的可持续发展贡献更多的力量，少年智则国智， 少年强则国强，我们中国青年能在世界的舞台上展现更多的影响力。” 保藤国际带领学员参加COP29大会是一次具有深远意义的行动。它不仅展示了中国青年在气候行动中的积极态度和坚定决心，更为全球青年参与气候治理树立了榜样和典范。我们期待在未来的日子里，越来越多的青年能够加入到这一行列中来，共同为地球的可持续发展贡献自己的力量。
千亿美元级别的全球新能源装备融资租赁平台诞生,https://tech.chinadaily.com.cn/a/202411/15/WS6736be30a310b59111da3879.html,(消费日报网) 2024-11-15 11:14,"在阿塞拜疆巴库刚刚举行的联合国 COP29 气候行动峰会上，多方关切议题是应对气候变化能力，资金和技术是关键支撑。呼吁发达国家加大对发展中国家的资金支持和技术转让，期待这次大会达成更有力度的新资金目标，为下阶段全球气候行动提供信心和保障。 2024年11月14日，全球领先的AI绿色能源数据服务运营企业DeepGreenX集团于巴黎与纽约宣布，已经正式签约完成由ADIB（亚洲发展投资银行）控股有限公司（简称ADIB控股）用管理费现金战略入股。投后估值约580亿美元，占全部稀释后36%股份，成为并列单一大股东。这标志着ADIB控股和DeepGreenX将合力打造全球首个以人工智能及区块链驱动的融资租赁金融基础设施平台，就像融资租赁模式曾彻底地改造并推动了航空及汽车产业的发展，这次合作必将为中国新能源产能开拓全球性市场带来革命性模式及巨大机会，也为全球新能源产业提高投资效益及加速普及提供强大推力。 ADIB控股是亚洲发展投资银行（Asia Development and Investment Bank）控股的投资机构。ADIB控股注重于全球能源及基础建设领域的金融创新服务，是世界伊斯兰基金（World Islamic Foundation）的合作离岸金融机构及亚洲领先的区域性投资银行和金融机构，以及亚洲领先的政策性投资银行，其资金来源于财政及主权类基金及各大金融机构。 DeepGreenX集团是阳光七星投资集团在海外投资的数字新能源公司，目前业务覆盖4大洲20个城市，以其创新性的AI即服务平台（AI PaaS）闻名，致力于利用AI技术提供可持续性的收入模式。比如，DeepGreenX集团业务在欧美等市场布局，已经斩获包括欧洲单一国家虚拟电网建设、光伏电厂、电网储能中心、风光及微电网装备生产、算力中心及微型核电服务，以及美国本土储能电池生产数项细分市场领军企业的地位。DeepGreenX AI 通过领先的技术优势及PaaS模式，不仅为企业客户提供完整的解决方案，也在构建自己的生态系统。这种策略让 DeepGreenX 能够持续为客户创造价值，同时增强自身的市场主导地位，为未来长期增长奠定了坚实的基础。 这次合作的标志性意义之一在于创造全球人工智能AI新能源商业应用的坚实基础设施。目前，人工智能面向细分产业提供精准解决方案的平台级应用仍相对有限。综观全球领先的AI企业，或者仅限于服务政府及军事，尚未形成长期可持续收入模式，或多为通用型个人日常使用，但均未形成规模。在这种形势下，DeepGreenX通过在新能源场景的应用走在了全球人工智能行业应用前列，采取“AI +企业级Appstore”双轮驱动的模式，以动态本体大数据，大语言模型、大世界模型、数字孪生等多种AI技术武器库；及由集团旗下世界规模最大17.5万AI工程师通过与各细分市场企业与科技人才社区融合聚变，建立撮合市场。正在以每日多例创新APP诞生的速度打造企业应用级AppStore群，专注于为客户提供数据变现解决方案，实现智能化的资源配置和业务运营，更好满足各细分产业的多样化能源需求。DeepGreenX集团正通过在固定能源及交通、绿色物流、建筑楼宇等细分市场的业务建立全球首个人工智能商业应用年收入过百亿美元的企业。 这次合作的标志性意义之二在于提供创新性的金融模式，为全球新能源项目真实落地，插上了金融服务的翅膀。新能源项目的普遍回报率远优于汽车及航空产业，但是由于缺乏创新性跨境金融服务机制，目前全球各地，很多优良新能源项目处于停滞。根据合作协议，ADIB控股承诺在未来5.5年内，为DeepGreenX集团提供总计1400亿美元的EPC（工程、采购和建设 Engineering, Procurement, and Construction）的金融支持，双方通过流程全链AI风控、分析定价及产品生成等形成融资租赁平台，彻底改变传统的跨境银行贷款实施困难的现状，转而变成以装备融资租赁为核心，把一次性投资化解为长线投资，形成长期收入及资产证券化收入的良性循环模式。从而为中国新能源产业走出去打通关键环节，从而为中国新能源产能走出去解决金融保障的梗塞痛点，有望成为全球绿色经济转型及双碳目标实现进程中的历史性标杆。 DeepGreenX集团主席、ADIB（亚洲发展投资银行）控股有限公司CEO及亚洲发展投资银行副行长孙宇（Sam Y Sun）表示，ADIB控股将与DeepGreenX一起，将正在蓬勃发展中的CBDC数字人民币与多国CBDC央行数字货币进行能源应用中的融合。ADIB和DeepGreenX的合作，将利用RWA产证通证化的创新金融工具，实现全球产能的平衡及绿色经济发展。 曾创建市值数百亿美元企业及在市值两千多亿美元以上企业担任主要负责人的DeepGreenX集团首席执行官Barclay Knapp表示：“本项目有望迅速推动南北双碳合作，建设新能源项目创新融资的基础设施平台，帮助人类共同体目标的具体实施，也是全球人工智能行业应用及新能源金融服务的重要里程碑。这一战略合作关系将为全球能源加速转型及建设可持续发展能源体系带来新的可能性。”"
国际观察丨践行绿色发展理念的中国贡献,https://cn.chinadaily.com.cn/a/202411/22/WS674092f5a310b59111da5121.html,(新华网) 2024-11-22 22:18,新华社巴库11月22日电 题：践行绿色发展理念的中国贡献 新华社记者安晓萌 近年来，中国将绿色发展理念厚植社会生产和生活，不仅探索出一条经济发展与环境保护协同并进的高质量发展之路，同时为全球应对气候变化、环境污染和生物多样性减少的行动贡献中国智慧和中国力量。 《联合国气候变化框架公约》第二十九次缔约方大会（COP29）在阿塞拜疆首都巴库举行期间，各国人士高度肯定中国绿色发展成果，同时探讨以中国经验为蓝本，因地制宜绘制本国可持续发展路径。 11月15日，在阿塞拜疆首都巴库，人们与联合国气候变化巴库大会的标识合影。新华社记者曹阳摄 助力全球能源转型与碳减排 在碳中和背景下，中国积极参与全球减排行动。中国政府坚定实施应对气候变化国家战略，大力推动可再生能源发展，推动经济社会发展全面绿色转型，为全球推动能源转型和绿色低碳发展注入动力。 中国气候变化事务特使刘振民在巴库气候大会期间介绍，10年来，中国成为全球能耗强度降低最快的国家之一，累计节约能源消费约14亿吨标准煤，中国以年均3.2%的能源消费增速支撑了年均6%的经济增长；中国新能源装机规模占全球三分之一以上，用于可再生能源的累计投资居全球第一，是世界风电、光伏和电池设备主要供应国；新能源汽车保有量占全球一半以上。 COP29中国代表团团长、生态环境部副部长赵英民说，中国积极稳妥推进碳达峰碳中和，建成全球规模最大的清洁电力体系和覆盖温室气体排放量最大的碳排放权交易市场。全社会每消费3度电中，就有1度是绿电。 联合国前副秘书长埃里克·索尔海姆指出，中国现在是全球应对气候变化力量中不可或缺的国家，世界的绿色发展离不开中国。太阳能、风能、水电、蓄电池、电动汽车等每一个绿色经济领域的发展都离不开中国的突出贡献。 联合国可持续发展解决方案网络负责人杰弗里·萨克斯认为，在应对全球气候变化方面，中国发挥着举足轻重的作用。中国不仅增加太阳能等绿色能源产能，快速推进自身能源转型，也出口先进绿色能源技术，促进世界其他国家实现低碳发展。 2023年，中国在能源转型上的投资达6760亿美元，是全球能源转型投资最多的国家。COP29首席执行官埃尔努尔·索尔塔诺夫表示，中国正在为全球绿色转型提供重要驱动力。 这是11月11日在阿塞拜疆首都巴库拍摄的联合国气候变化巴库大会中国角的展台。新华社记者曹阳摄 支持发展中国家应对气候变化挑战 作为推进全球气候治理的行动派，中国不仅走在绿色发展的前沿，而且积极分享能源转型经验，协助发展中国家特别是最不发达国家、内陆发展中国家及小岛屿发展中国家提高应对气候变化能力。 赵英民表示，中国政府坚持减缓和适应并重、实施积极应对气候变化国家战略，同时为发展中国家提供务实支持。过去10年，全球风电和光伏发电项目平均度电成本分别累积下降超过60%和80%，其中很大一部分归功于中国创新、中国制造、中国工程。 秉持“授人以渔，自主发展”的原则，中国积极实施应对气候变化南南合作行动计划，帮助发展中国家建设低碳示范区、实施减缓和适应气候变化项目、培养人才等。2016年以来，中国提供并动员项目资金超过1770亿元人民币，有力支持其他发展中国家应对气候变化。 联合国项目事务署执行主任豪尔赫·莫雷拉·达席尔瓦说，中国不仅将清洁能源转化为国家经济增长的主要动力，而且通过南南合作，支持发展中国家实现这一转变。 中国生态环境部最新数据显示，中国已与42个发展中国家签署54份合作备忘录。自去年9月宣布实施“非洲光带”项目以来，中国已经与布隆迪、乍得等非洲国家签署合作协议，利用中国光伏产业优势，帮助数万非洲家庭解决用电难题，助力其实现绿色低碳发展。 这是11月13日在阿塞拜疆首都巴库拍摄的聚焦中国能源转型与新能源发展的中国角边会活动现场。新华社记者孟菁摄 引导建立公平合理的全球气候治理体系 作为世界最大的发展中国家和负责任大国，中国切实履行应对气候变化承诺并提高国家自主贡献力度。中国不断完善体制机制，积极推动全面深入落实《巴黎协定》和联合国2030年可持续发展议程。 基于自身发展情况和国情，中国为应对全球气候变化作出巨大努力，在国际社会发挥引领作用。继2019年底提前超额完成2020年气候行动目标后，中国2020年更新和强化国家自主贡献目标，致力于2030年前二氧化碳排放达到峰值、2060年前实现碳中和。 就全球气候治理，中方坚持共同但有区别的责任原则。COP29期间，中国生态环境部呼吁各方坚持《联合国气候变化框架公约》及《巴黎协定》的原则，体现发展中国家行动与发达国家支持相匹配，兼顾公平与效率。中方敦促发达国家履行责任义务，提高对发展中国家的资金支持和技术转让，共同应对迫在眉睫的气候变化危机。 当前，全球气候行动面临诸多困难与挑战，实际行动与《巴黎协定》设定的目标和承诺之间存在巨大差距。中国宏观经济研究院能源研究所所长吕文斌认为，在推进能源转型过程中，各方应积极捍卫和坚持多边主义和多边进程，坚持公正、有序、公平的理念，继续在《巴黎协定》框架下开展气候治理和合作，同时加强交流磋商，确保向发展中国家提供和调动资金，以支持更有力度的气候行动。
高质量林业碳汇DMRV服务平台在COP29发布,https://tech.chinadaily.com.cn/a/202411/22/WS67405d00a310b59111da5096.html,(河北网络广播电视台) 2024-11-22 18:17,第29届联合国气候变化大会(COP29)于2024年11月11—22日举行。在11月21日举行的“绿色低碳发展 天津行动”中国角主题边会上，天津排放权交易所(以下简称天排所)与中国科学院空天信息创新研究院(以下简称空天院)共同推出了高质量林业碳汇DMRV服务平台。该平台集成遥感技术、空天大数据和人工智能分析方法，突破长时序遥感技术的碳汇基准年判定、基于AI的碳汇空间边界识别、空天地一体化的样方碳参数调查与计量等一系列关键技术，为中国核证自愿减排量(CCER)造林碳汇项目的开发和审核提供长时序高分辨率影像、近实时智能地类分析、在线碳层划分、监测样点选取与碳汇潜力评估等服务。这不仅为全球碳市场机制的创新提供了“中国方案”，也彰显了中国在促进绿色低碳发展和支持全球气候行动方面的技术创新能力。 天排所总经理李天在会上对该平台进行了详细介绍。他表示，充分利用科技创新手段进一步推动林业碳汇工作高质量发展对“双碳”目标实现有重要意义，依托该平台，可以解决林业碳汇开发过程中的主要难题，“平台紧密对接了方法学要求与市场需求，实现了造林碳汇项目在效率、透明度和可靠性上的突破，目标是为高质量的林业碳汇项目提供一套全面的开发和管理解决方案”。 高质量林业碳汇DMRV服务平台通过融合高性能并行计算、遥感大数据分布式存储、人工智能和3D WebGIS等多项技术，显著提升林业碳汇开发过程中的项目边界、造林时间、土地用途及碳层分类等核心环节的透明度和精确度，实现了开发流程的智能化。同时，平台提供审查指导和遥感数据管理优化服务，增强碳汇项目第三方审核与评估效率，降低相关风险，满足了自愿碳市场对高质量碳信用日益增长的需求。 今年5月，天排所与空天院探讨并建立了双方深度合作机制，携手打造“双碳”高质量发展技术研发中心，培育创新型“双碳”科研人才队伍，致力于将技术创新与“双碳”融合，共同推动社会进一步迈向绿色低碳转型。
有斯青年代表亮相COP29 展现全球青少年应对气候危机的行动力,https://cn.chinadaily.com.cn/a/202411/22/WS6740489da310b59111da5007.html,(鲁网) 2024-11-22 16:37,《联合国气候变化框架公约》第29次缔约方大会（COP29）于11月11日至月22日在阿塞拜疆首都巴库隆重举行。当地时间11月19日9:30至13:00，蓝区中国角举办了主题为“积极防范气候风险，建设低碳韧性城市”边会。 COP29中国角“积极防范气候风险，建设低碳韧性城市”边会现场 此次活动汇聚了来自政府部门、国际组织、研究机构以及国内外城市代表，共同探讨全球气候变化的影响与风险防范策略，分享中国在应对气候变化政策与行动中的经验，并交流国内外在低碳韧性城市建设方面的实践成果。与会者一致认为，应对气候变化是一项全球性挑战，唯有协同创新，方能取得积极进展。 边会上，有斯公益理事刘海亮受邀发表主旨演讲，题为“全球气候变化与环境危机应对中的青年角色”，并指出，青年是应对全球气候变化的重要力量，他们通过创新实践和跨文化合作，为绿色转型注入了生机与活力。有斯公益积极响应联合国“青年2030战略”和可持续发展目标，希望汇聚世界青年力量，创新全球治理实践，为世界培养有社会责任感、具有全球胜任力的未来领袖，同时促进国际青少年间的跨文化交流，助力一个更加美丽世界共同未来。 有斯公益理事 刘海亮 来自芝加哥的有斯公益青年领袖、Fission For The Future创始人Leah Wu发表题为《核能技术的最新发展及其在气候变化中的光明前景》的演讲，描述了风能、太阳能和核能等多样化清洁能源解决方案在应对气候危机中的重要性，并深入介绍了小型模块化核反应堆（SMR）等新兴技术如何助力能源转型。 有斯公益青年代表 Leah Wu 同时，Leah Wu还现场发起了主题为“拥抱多元清洁能源”的倡议，号召全球青年共同推动多元清洁能源发展，打造可持续未来，并在会场开展签名征集活动，得到广泛支持。Leah Wu表示，技术与政策的创新能够让大家根据不同地区的需求量身定制能源解决方案，共同创造更加清洁与可持续的未来。 有斯公益青年代表Leah Wu（左）；有斯公益创始人及理事长谢远雁（中）；有斯之声青年记者Celine Liu（右） 会议期间，有斯公益青年代表Andy Zhou、Alice Hu和Ariel Hu特别策划了“气候适应实践：紧急救援、能力建设与青年行动”主题展，展现了全球青年在应对气候变化中的创新项目与行动案例，主要包括：1）Food Bridge App：致力于解决食物浪费，减少温室气体排放；2）可持续时尚项目：呼吁通过改变消费习惯减少快时尚对环境的危害；3）Art For Earth全球公益艺术展：通过在北京、南京、温哥华、多伦多、纽约、旧金山等地举办的气候主题艺术活动，倡导更多人关注气候问题；4）环保烟花创新项目：通过研发无烟烟花减少空气污染，彰显了青年在绿色技术领域的创造力。 “气候适应实践：紧急救援、能力建设与青年行动”展览现场 此外，有斯公益青年代表、Human Rights Youth Advocacy创始人Alice Hu作为本次展览的主策展人之一，以视频形式分享了塑料污染倡议，并通过具体数据和生动案例，呼吁全球青年关注塑料污染的严重性，积极参与减少塑料制品使用的行动。她的发言展现了青年人在全球环保事业中的责任感与领导力。 有斯公益青年代表 Alice Hu视频分享 有斯之声青年记者Celine Liu从独特的青年视角报道了此次大会，以其真切的观察与深刻的思考呼吁更多年轻人加入全球气候行动。正如中国气候变化事务特使刘振民在大会期间所言：“越来越多的青年加入到全球气候治理的崇高事业中，这是我们的希望所在。希望青年人继续践行低碳行动，展现领导力，带动更多同辈加入这一伟大的事业。” 有斯之声青年记者 Celine Liu 本次COP29联合国气候会议，不仅展现了全球青年在应对气候变化中的创新实践与使命感，也让世界看到了青年力量在气候治理中的广阔潜力。未来，有斯公益将继续通过多元合作与创新支持青年群体，为全球气候治理注入更多希望与活力。
COP29|“汇聚新力量，共促气候行动”联合国官方边会在巴库成功举办,https://cnews.chinadaily.com.cn/a/202411/22/WS674037c0a310b59111da4fb6.html,(信阳新闻网) 2024-11-22 15:34,阿塞拜疆当地时间2024年11月21日，在第二十九届联合国气候变化大会（COP29）期间，“汇聚新力量，共促气候行动”联合国官方边会在巴库成功举办。本次边会由中国民间组织国际合作促进会（简称：中国民促会）、中国民间组织国际交流促进会（简称：中促会）以及山水自然保护中心联合主办。会议汇聚了来自国际组织、智库和国内社会组织的专家学者，共同探讨如何将儿童视角纳入气候变化、生物多样性保护、农村发展、绿色金融和企业社会责任等关键领域，并初步讨论了将传统组织纳入气候治理格局、吸引新力量的推进策略。 中促会研究员刘勇、中国民促会副理事长兼秘书长王香奕、阿塞拜疆国际新闻学院国家委员会副主席Oghuz Mirzayev先生作为活动嘉宾出席并发表致辞。 会议由绿色创新发展研究院（iGDP）副主任汪燕辉主持。 刘勇研究员 在致辞中强调了气候变化作为全球性问题的紧迫性，并呼吁多元化组织加强合作，共同提升气候行动能力。他提到了气候领域新兴参与者面临的挑战，以及创新方法和跨领域协作的重要性。作为由多家机构联合主办的活动，本次会议旨在汇聚来自各领域的专家，共同探讨应对气候变化的策略和路径，同时突出民间社会、私营部门及其他国际非政府组织在全球气候治理中的关键作用。 王香奕 秘书长 在致辞中重申了中国民间社会组织的重要作用，特别是在创新性和包容性解决方案中做出的贡献，包括农村和城市发展、生物多样性保护以及气候变化行动等领域。她回顾了中国社会组织十多年来的发展与成长，着重指出国际合作的重要性，以及在工作中融入性别平等和社区韧性目标的必要性，呼吁应进一步赋能新兴力量，为可持续和韧性的未来作出贡献。 Oghuz Mirzayev先生 在致辞中提到加强非政府组织（NGO）能力的三个关键领域：能力建设、国际合作和跨部门伙伴关系。他指出，NGO不仅是地方影响的催化剂，也是不同领域之间的重要桥梁。特别提到了阿塞拜疆与中国NGO之间的合作，并呼吁与会者加入合作，共同努力实现可持续发展目标。 主题 讨论 I ：释放潜力，增强气候行动 第一场圆桌讨论以“释放潜力，增强气候行动”为主题，邀请了救助儿童会巴西国家办公室首席代表Alessandro Tuzza、东南亚气候行动网络（CANSEA）区域协调员Nithi Nesadurai、大自然保护协会（TNC）巴西外事部门主任Karen Oliveir、英国电力结算中心（ELEXON）高级顾问Sukhmeet Singh Berk四位嘉宾。他们围绕社会组织在气候行动中的实践与倡导策略进行了探讨，重点分析了各领域在参与策略中的独特作用，并强调了民间社会组织在气候行动中整合多元声音、政策倡导和学术研究的重要性。与会专家认为，社会组织在跨领域协作中扮演着桥梁角色，通过国际平台提升话语权和影响力，可以更有效推动气候行动的多层次进程。 主 题 讨论 II ：发挥桥梁作用，增强气候领域新力量参与行动 第二场圆桌讨论以“发挥桥梁作用，增强气候领域新力量参与行动”为主题，由商道纵横合伙人兼可持续发展中心主任郎华主持。参与讨论的嘉宾包括中国气象服务协会会长许小峰、世界运河历史文化城市合作组织（WCCO）代表团成员及世界运河城市Canal Walk行动发起人程颢、山水自然保护中心项目主管陈熙尔，以及绿色金融60人论坛（GF60）研究员梁馨予。嘉宾们围绕各自机构的核心业务，深入探讨跨部门合作在应对气候变化中的重要性，并分享了整合企业可持续发展、推动绿色金融和吸引地方社区参与的实践经验。与会者认为，强化集体协同效应、搭建连接新参与者与现有行动框架的桥梁，以及营造支持性环境，是推动气候行动取得实质性进展的重要因素。
宝碳在COP29发声：深化全球低碳转型与碳市场合作,https://caijing.chinadaily.com.cn/a/202411/22/WS6740397aa310b59111da4fc0.html,(东方网) 2024-11-22 15:13,气候变化是当前全球各国携手应对的重要挑战。《2024年排放差距报告》指出，现有的气候行动与政策仍不足以遏制温升。作为全球气候治理的重要契机，《联合国气候变化框架公约》第二十九次缔约方大会(COP29)已于11月11日在阿塞拜疆巴库正式拉开帷幕。本次大会又被称为“气候融资COP”(Finance COP)，在推动全球低碳经济转型、提升气候韧性方面承担着关键角色。同时，COP29正值全球碳市场机制启动的决定性时刻，大会首日即突破性达成针对《巴黎协定》第6.4条的合作共识，持续深入探讨并制定碳排放交易和碳信用体系的治理规则。 上海宝碳新能源环保科技有限公司(以下简称“宝碳”)作为双碳领域的先行者，自2017年起持续关注并多次参加联合国气候大会，致力于通过低碳创新方案推动全球气候治理。今年，宝碳董事长朱伟卿女士携代表团出席COP29，重点围绕国际碳市场合作、国际碳资产的开发管理与全球合作伙伴进行深度分享。 宝碳董事长朱伟卿： 国际碳市场合作实践推动“一带一路”绿色发展 COP29期间，朱伟卿女士于11月16日出席了由中华环保联合会、中国投资协会、埃塞俄比亚政府联合主办的主题边会：“一带一路”气候减缓与气候适应的案例与实践，并进行主题分享。本次边会汇集了中国、埃塞俄比亚等国的政府官员代表及企业代表，共同探讨经济发展与环境保护的协同机制。 在主题分享中，朱伟卿女士介绍了宝碳与“一带一路”沿线地区展开碳市场国际合作的实践，并探讨如何通过碳信用开发、碳交易和碳金融工具等手段建设促进区域减排与绿色发展，获得了与会人员的积极反响。朱女士表示：“宝碳不仅是一家双碳服务公司，更希望成为连接中国与世界的低碳桥梁，帮助沿线国家提升应对气候变化的能力，共同实现全球气候目标。” 宝碳的实践与成就：碳市场与碳资产开发管理的国际探索 作为中国双碳综合服务的领军企业，宝碳在深耕国内双碳行业的同时也积极拓展国际合作网络。在此次COP29上，宝碳分享了自身在国际碳信用开发、碳金融创新方案等领域的最新实践成果，并希望通过此次大会，与全球合作伙伴共同推动建设更加高效的国际碳市场机制与方案。 携手全球共进：展望国际碳市场的绿色未来 在全球气候变化的挑战面前，每个人的努力都至关重要。宝碳将继续秉持全球视野，与国际伙伴共同推动双碳目标的达成，为全球气候治理贡献中国智慧，展示中国企业在全球气候治理中的力量，并通过低碳创新与实践与全球共享绿色发展成果，共同构建更具韧性、更加可持续的未来。(上海宝碳新能源环保科技有限公司 曹佳鑫)
COP29中国角“助力应对气候变化，中国民间社会组织在行动”主题边会成功气候举办,https://cnews.chinadaily.com.cn/a/202411/22/WS674027b0a310b59111da4f5d.html,(信阳新闻网) 2024-11-22 14:20,"2024年11月20日，“助力应对气候变化，中国民间社会组织在行动”主题边会在第二十九届联合国气候变化大会（COP29）中国角成功举办。本场边会由中国国际民间组织合作促进会（中国民促会）、中华环境保护基金会和北京市企业家环保基金会（SEE基金会）主办，万科公益基金会、阿拉善SEE生态协会、绿色和平承办，中华环境保护基金会副秘书长王振刚、阿拉善SEE生态协会会长、SEE基金会执行理事长周洲、联合国亚太经社理事会环境与发展部环境事务官员Aneta Nikolova出席活动并致辞，以及来自政府、专家、社会组织和基金会代表等与会嘉宾，围绕如何凝聚环保社会组织的力量，促进多方合作和创新，带动公众和商业的意识提升和参与，加强中国民间应对气候变化的行动深入交流，助力中国实现双碳目标。边会开幕式由中国民促会副理事长兼秘书长王香奕主持。 致辞嘉宾合影 中华环境保护基金会副秘书长王振刚 在致辞中介绍了基金会的发展定位以及在应对气候变化领域做出的积极贡献。其中，“聚焦气候变化，切实提升环保社会组织法律工作能力”为主题的行业赋能资助项目入选了《气候慈善影响力案例选编》并于COP29会上发布。王振刚表示，“本次边会不仅是一个汇聚智慧、共谋中国社会组织应对气候变化之策的盛会，更是一个展现各社会组织决心、行动与成效的重要平台。” 阿拉善 SEE 生态协会会长、 SEE 基金会执行理事长周洲 在致辞中指出，SEE基金会作为以社会责任为己任，以企业家为主体，以保护生态为目标的社会团体，将以COP29中国角边会为契机向各国伙伴展现基金会的使命、成就与发展战略，积极参与经验交流、知识分享并寻求合作。 联合国亚太经社理事会环境与发展部环境事务官员 Aneta Nikolova 高度赞扬了中国在现代化发展、可再生能源等领域引领亚太地区的卓越成就，并希望更多的年轻人、女性更加踊跃地加入COP代表团，参与和民间社会的合作。 主旨发言环节由中国民促会项目总监董世宇主持，来自各领域的六位嘉宾分别就全球气候治理中的国际民间合作、社企合作助力绿色能源转型、中国社会组织助力应对气候变化行动、加强社会组织与商业力量携手促进气候行动、助力应对气候变化——国际环保组织的在地实践和视角、丝绸之路上的公益造林——不教敦煌变楼兰等领域进行了精彩的分享，为新形势下中国民间社会组织助力应对气候变化贡献智慧和经验。 阿塞拜疆尼扎米 · 占贾维国际 中心 首席战略与可持续发展官员 Rza Aliyev 表示，阿塞拜疆COP29是国际交流合作的良好开端。在应对气候变化、可持续发展等领域，各国民间组织应通力协作、积极发声，把彼此视作命运共同体，共同合作，发挥关键作用，促进公正公平绿色转型。 能链碳 中和事业部总经理翟宇博 分享了近年来能链智电的社企融合实践。从国内首创的充电碳普惠应用，到迪拜联合本地机构落地的中国首个数字化能源展厅，能链智电积极投身于绿色交通的技术创新与普及，并在COP29期间联合国内14家企业、机构、智库发布《2024碳普惠发展白皮书》。 北京大学能源研究院特聘研究员杨富强 在发言中指出，民间组织发展情况是观察中国气候变化行动的重要标识之一。中国民间组织很早就积极配合政府的行动，从上而下和自下而上开展行动，参与气候适应工作。然而，目前中国民间组织的气候变化行动与国际的相应组织，特别是欧洲的民间组织的气候活动，还有相当差距。 阿拉善 SEE 生态协会副会长、 SEE 基金会副理事长张立 围绕“加强社会组织与商业力量携手促进气候行动”的主题，介绍了SEE基金会联手阿里巴巴公益在应对气候变化、碳普惠等领域的成果案例。SEE基金会引领聚合多元业态，将个人、企业、政府、社会组织的力量联合起来，共同开展应对气候变化行动。 绿色和平东亚政策与政府关系顾问雍容 在会上全面展现了绿色和平在2023-2024年的工作成果，其中简报、报告26份，研讨会23场，线上线下公众活动28场。雍容表示，绿色和平在北京开展环境保护工作已二十余载。在政策倡导方面关注绿色转型下具体人物的在地行动；在赋能企业方面，从提出问题、分析现状到提供解决方案；在公众行动方面，通过沉浸式互动剧场等创新的方式，使大众切身感受气候变化对人类的影响。雍容表示，“我们用专业的精神和创新的视角，去连接在地的人，赋予彼此共同行动的勇气，以实际行动推进积极改变，一起为保护地球环境与自然生态寻找答案。” 广东守望地球环境保护服务中心理事长 谌良仲 分享了公益胡杨林项目从选种和造林到平田整地，铺设地膜，精细化管理、养护的全过程以及项目背后的生态以及文化意义。该项目在2020年至2024年间，一共种植了20,000株胡杨树苗，使当地局部生态环境得到了改善，遏制了沙漠的扩大化。谌良仲表示，本项目将持续开展，扩大本项目的生态效益，为拯救敦煌西湖湿地、筑牢敦煌生态屏障、保护珍稀濒危物种栖息地以及文化遗址而不懈奋斗。 主题为“加强民间合作，促进气候行动的实施和创新”的圆桌对话由海南智渔可持续科技发展研究中心气候项目主任乔峰主持，来自SEE基金会监事长刘明达，可持续发展合作研究所国际项目副总裁Daniel Wald、格林美（深圳）超级绿色技术研究院常务副院长王雅宁、乐施会孟加拉国办公室气候公正和自然资源权利项目负责人Mohammad Emran Hasan、万科公益基金会品牌传播经理柯成薇五位嘉宾分享交流了智库型社会组织与基金会在推动气候变化领域中的典型案例、重要议题以及与其他社会组织伙伴的合作经验。 主题为“凝聚环保社会组织力量，以环境法治手段助力应对气候变化挑战”的圆桌对话由中华环境保护基金会项目高级主管孙琴主持，来自福建省绿家园环境友好中心总干事邓佳瑜、苏州工业园区绿色江南公众环境关注中心传播筹资总监巢博、合肥市庐阳区深蓝环境保护行动中心气候项目官员谭丽雅、湖南省生态保护志愿服务联合会常务副会长何建军、海南智渔可持续科技发展研究中心气候变化项目主任乔峰五位嘉宾围绕法律工具在应对气候变化方面的经验与实践展开积极交流，并对未来助力应对气候变化的具体行动做出展望。 中国国际民间组织合作促进会副理事长兼秘书长王香奕 指出，中国民间组织在全球气候治理方面虽然取得了显著进展，但仍然面临许多严峻的挑战。王香奕相信，“民间社会组织的作用将愈发关键。作为推动社会变革的重要力量之一，民间社会组织因的灵活性、创新性和深度一线工作动员能力，能够在政策倡导、技术支持、公众参与等领域发挥独特作用。” COP29中国角主题边会为中外政府、社会组织、企业、学术专家搭建了一个共同探讨如何加强合作、推动气候行动的实施与创新开放的交流平台。"
巴库气候大会进入冲刺阶段 古特雷斯强调不能失败,https://cn.chinadaily.com.cn/a/202411/22/WS673fcd3ba310b59111da4d99.html,(新华网) 2024-11-22 08:13,新华社巴库11月21日电（记者郭爽 周天翮）在阿塞拜疆首都巴库举行的《联合国气候变化框架公约》第二十九次缔约方大会（COP29）谈判进入最后冲刺阶段，但各方在核心议题上仍存较大分歧。联合国秘书长古特雷斯21日强调，失败不是选项。 大会主席国当地时间21日凌晨就新的气候融资集体量化目标（NCQG）等关键议题发布第一版一揽子建议案文。在NCQG这个核心议题上，案文中依然没有明确的数字，但给出了2025年至2035年期间每年以万亿美元规模计的预期。在多项核心内容上，发达国家和发展中国家仍存在巨大分歧。大会主席国当天发表的声明指出，这一案文不是最终版本，下一份包括可能达成的共识的案文将于晚些时候发布。 古特雷斯在21日召开的新闻发布会上强调，COP29已进入最后关头，共识正在逐渐清晰，但分歧仍然存在，需要大力推动才能使讨论顺利完成。古特雷斯重申，必须在巴库就一项雄心勃勃的新气候融资目标达成一致，资金激增至关重要。 “失败不是一个选项”，古特雷斯说，因为这可能会危及近期气候行动，破坏制定新的国家气候行动计划的雄心。他强调，在地缘政治分歧和不确定性中，世界需要各国团结起来，并呼吁各方着眼大局，在分歧中寻找出路。 中国气候变化事务特使刘振民在大会期间接受新华社记者采访时指出，气候资金谈判达成共识的关键是发达国家按照《巴黎协定》第九条要求，作出向发展中国家提供资金援助的承诺，并达到相应承诺数额。刘振民强调，各国应逐步认识到包括资金等关键议题在COP29达成协议，不仅影响到本届大会的成败，而且影响到《巴黎协定》下多边合作进程的方向。
《循环经济三重奏：助力中国落实气候行动》研究报告在COP29期间发布,https://cn.chinadaily.com.cn/a/202411/21/WS673ef145a310b59111da4c5f.html,(中国日报网) 2024-11-21 16:37,2024年11月20日，巴库——《联合国气候变化框架公约》第二十九次缔约方大会（COP29）期间，艾伦·麦克阿瑟基金会与中国循环经济协会在COP29中国角共同举办“循环经济助力应对气候变化的中外实践”主题边会，并于会上正式发布《循环经济三重奏：助力中国落实气候行动》研究报告。该报告由艾伦·麦克阿瑟基金会（英国）北京代表处与清华大学环境学院循环经济产业研究中心联合研究撰写，旨在探索循环经济在应对气候危机中的关键作用和发展路径，协同推进中国循环经济转型与气候目标实现。 报告指出，循环经济作为全新的发展模式，改变了传统的“开采―生产―废弃”的线性经济模式，旨在实现经济发展与资源消耗的脱钩，以更少的资源投入创造更多的社会经济价值。为了适应新时期高质量发展的需求，报告在传统3R原则基础上将循环经济的概念升级至10R，并深入阐释了以10R为核心的循环经济实施路径，提出循环经济助力中国实现气候目标的“三重奏”解决方案。 循环经济的10R路径 在报告研讨会上，作为报告主要作者之一，清华大学环境学院长聘教授、循环经济产业研究中心主任温宗国对10R的内涵做了详细解读：“10R策略覆盖产品生命周期的各个阶段：在生产阶段，加强智能化的产品设计和生产制造，重新思考产品设计、价值链构成和商业模式。在使用阶段，通过尽可能多次或多种方式的循环使用来延长产品及部件的使用寿命，避免其过早地进入末端处置环节。在废弃阶段，若上述循环策略仍未能实现零废弃目标，可依赖回收和再生处理废弃物，属于最后的解决方案。” 循环经济在推动中国气候行动中可发挥三重效益： 1. 助力降低难减排领域的温室气体排放： 随着中国“扩内需，促消费”战略的推进，衣食住行用等消费行为引发的消费端碳排放将持续攀升并带来新的减排压力。当前，民用建筑、交通出行和塑料制品与包装领域的碳排放总量每年约为48亿吨。循环经济在降低消费端碳排放方面潜力巨大。通过实施循环经济措施，预估年均可带来18亿吨的减排潜力，占总排放的三分之一以上。 2. 保障能源转型中关键原材料供应，减少废弃物的产生： 中国风电和光伏行业的快速发展面临关键原材料的稳定供应和新型废弃物管理的双重挑战。预计到2050年，中国可再生能源装机容量将在现有基础上增加3000吉瓦。随着风电和光伏设备退役潮的来临，中国预计到2050年将累计产生高达2300万吨废弃风机叶片和8800万吨废弃太阳能光伏板。实施循环经济策略，如延长风电和光伏的使用寿命，回收利用退役设备中的材料，可以有效减少对关键原材料的进口依赖，增强关键原材料的供应，推动可再生能源价值链向低碳和零废弃转型。 3. 增强价值链韧性和气候适应能力： 气候变化带来的极端天气和不利影响不断加剧，主动适应气候变化、提升风险防范与抵御能力已成为全球共识。研究证实，循环经济在气候适应方面具有显著的积极效益。循环经济模式通过多渠道获取和循环利用资源，扩大了原材料供应的地理分布和来源多样性，从而增强了供应链的韧性；通过促进自然再生的方法，提高了社会经济系统适应气候变化的能力。 报告详细阐述了在上述关键领域实现循环经济“三重奏”效益的具体措施，为进一步循环经济助力中国气候行动提供了新的发展路径。 民用建筑： - 充分利用现有建筑存量，避免大拆大建，减少不必要的碳排放； - 推广遵循自然法则的规划设计方案，例如：通过被动式设计最大化利用自然采光和通风，打造低能耗、高效能的人居环境； - 发展模块化、装配式建筑，并逐步推广低碳建筑材料的应用，减少建造过程中的资源消耗与碳排放。 交通出行： - 提供数字化、多模式的按需出行服务，构建零排放、智能化的交通运营管理体系； - 引导共享出行，提高座位利用率，减少道路车辆数量，缓解交通拥堵； - 推广发动机、转向系统等关键汽车零部件的再制造，降低车辆隐含碳排放，能够显著减少碳排放。 塑料制品与包装： - 禁止生产和使用不必要的一次性塑料制品，推动源头减量； - 提高塑料设计的可重复使用性和可回收性，增加再生塑料的使用，减少对高碳原生塑料的需求； - 推广重复使用模式在消费场景中的广泛应用，如再填充包装、可重复使用的外卖餐盒等，减少一次性塑料使用。 风电与光伏： - 在风光发电场站项目开发中融入循环经济理念，从项目选址、设备选型到施工建设各环节优化资源利用； - 推广模块化设计和低碳材料，减少生产阶段的排放，并通过局部更换组件降低材料消耗； - 通过定期维护、翻新和再制造，延长设备和部件的使用寿命，最大限度保留价值； - 打通退役风光设备的回收链路，完善从拆解、分离、回收到资源再利用的各环节，推动关键原材料的循环利用。 五大行动呼吁：推动循环经济转型，助力中国气候行动 基于艾伦·麦克阿瑟基金会的循环经济通用政策框架，报告提出了推动中国循环经济促进气候行动的五大行动方向：多层次推动循环设计改造；建立高效高值的资源利用体系；完善低碳循环发展的激励机制；加强对科技创新、基础设施和技能提升的投资；合作推动系统性变革。 报告明确提出了基于上述行动方向的15个具体行动建议，以期为政策制定者提供了切实可行的实施路径，共同推动循环经济与气候议程的深度融合，助力中国在减污降碳、能源转型和气候适应方面取得更大进展。 艾伦·麦克阿瑟基金会（英国）北京代表处首席代表关一松在发言中强调：“中国正逐步成为全球气候治理的引领者，通过政策创新、技术突破和产业转型加速实现碳达峰和碳中和目标。循环经济‘三重奏’能够为中国气候行动提供有力支持，助力双碳目标实现。”
应对全球气候挑战 万科公益基金会在COP29递交中国社区减碳答卷,https://caijing.chinadaily.com.cn/a/202411/21/WS673efbc1a310b59111da4cc1.html,(东方网) 2024-11-21 15:57,2024年11月11日至11月22日，《联合国气候变化框架公约》第29次缔约方大会（COP29）在阿塞拜疆首都巴库举行。当地时间11月20日，大会蓝区中国角企业日活动顺利开幕，一系列围绕绿色转型、气候行动和可持续发展的边会活动轮番上演，共同向国际社会讲述中国企业及社会组织等民间力量的气候行动故事和解决方案。 深化企业国际合作 携手共筑可持续未来 企业日伊始，中国气候变化事务特使刘振民在以“中国国企向绿而行”为主题的开幕式上发表重要致辞。他强调了中国国企在绿色低碳发展中的引领作用，指出了深化国际合作，共同应对气候变化挑战的重要性——“我呼吁不论是国有企业，还是民营企业、跨国公司，要齐心协力，共克时艰，共谋机遇，持续为应对全球气候变化贡献智慧。” 刘振民特使在此次发言中，再次对企业跨国合作应对气候变化和推动可持续发展表达了认可与赞许。此前，他于11月16日出席了由万科公益基金会等社会组织共同开展的“与世界对话，共建零碳未来生态”数字化日主题边会，并指出“中国的企业家在国际合作中，可以发挥关键作用”。 万科集团创始人、万科公益基金会理事长王石回顾了自2009年起，连续十数年参与联合国气候变化大会的历程，重点分享了在深圳推进梅沙碳中和先行示范区及社区推广的实践成果，展现出中国民间力量响应国家双碳战略、坚定走绿色低碳发展道路的态度和决心，以及通过科技和商业模式创新推动可持续发展的行动成果。 此前，王石在11月16日举办的“与世界对话，共建零碳未来生态”数字化日主题边会上，分享了德信钢铁等中国企业在印尼的绿色环保案例，展示了中国企业在绿色能源转型中的积极贡献，呼吁更多企业家加入“绿色一带一路”建设，共同促进全球绿色发展。 发挥民间社会组织力量 以专业赋能双碳人才 下午，万科公益基金会高级项目经理刘熙出席企业日主题边会“赋能绿色价值链，贡献新质生产力”并发表开场致辞。刘熙指出，基金会一直在为推动全球气候行动而努力，并持续通过支持COP中国角、发起C Team、组织边会及展览等多种方式，将中国各界的气候行动故事带向国际。今年，万科公益基金会支持C Team创新推出了“零碳加速度”中国双碳人才计划及其配套数字化平台“当然同行”，该平台旨在为中国双碳人才培养提供专业知识和技能，帮助他们更好地适应和引领绿色低碳转型，进而推动环境保护和社会公益事业的实质性进展。 当晚，在由生态环境部宣教中心等主办、万科公益基金会协办的“助力应对气候变化，中国民间社会组织在行动”主题边会上，万科公益基金会品牌传播经理柯成薇参与圆桌讨论环节，以大梅沙碳中和先行示范区和故宫零废弃项目为例，分享了基金会在推动社区可持续发展、垃圾分类与减量等方面的成果，强调了社区参与在推动气候行动中的重要性。同时，柯成薇还介绍了万科公益基金会促进形成本地社会组织协作网络的成功案例，表达了机构对社会组织走出去、积极参与国际交流的支持态度。 加强民间合作与跨国合作 共探气候行动新路径 同日，万科公益基金会气候变化战略顾问乔峰出席了在COP蓝区亚洲气候方案馆举办的“亚洲甲烷减排路径：废弃物管理的技术与积极性” 边会，向来自印度、韩国等国的与会来宾介绍了万科公益基金会在黑水虻和社区堆肥领域的技术和减排潜力研究进展，和与会嘉宾交流和探讨各国社区公众参与甲烷减排的不同技术路径。 万科公益基金会气候变化战略顾问乔峰出席“亚洲甲烷减排路径：废弃物管理的技术与积极性” 边会 此外，11月21日，由万科公益基金会联合中国循环经济协会举办的“以人为本的循环经济转型：创造有利因素”UN边会，也将在大会蓝区开启，作为在COP29参加的收官边会，万科公益基金会邀请了多位来自中国、英国、巴西、加纳等国的专家及实践者，展示各自在循环经济领域中的最新实践，就循环经济应如何在应对气候变化的同时，有效促进创新和就业、保护公众健康、调动社区参与展开深入研讨，为循环经济的推广和实施提供宝贵的思路和建议。 大会进入尾声，在COP29大会期间，中国以积极、务实的姿态推动气候谈判，在支持其他发展中国家应对气候变化方面，发出坚定有力的“中国声音”，凭借务实有效的“中国行动”不断获得国际赞誉。万科公益基金会等中国社会组织，作为民间力量的杰出代表，通过积极参与国际交流与合作，生动讲述了中国民间在应对气候变化方面的努力和行动成果，将中国智慧和中国方案传递给世界。展望2025年，让我们共同期待在巴西举行的《联合国气候变化框架公约》第三十次缔约方大会（COP30）上，中国民间力量能带来更多气候行动成果，助力推动全球气候治理和绿色发展。
"中资企业支持印尼能源转型 携手打造绿色""一带一路""",https://cn.chinadaily.com.cn/a/202411/20/WS673dc17fa310b59111da48de.html,(chinadaily.com.cn) 2024-11-20 19:00,"中国日报11月20日电 近日，在阿塞拜疆巴库举行的联合国气候变化大会（COP29）期间，中国馆举办了以""与世界对话，共建零碳未来生态""为主题的边会活动。中国气候变化事务特使刘振民，印度尼西亚公正转型伙伴关系秘书处负责人Paul Butarbutar，联合国项目事务署东南亚能源转型伙伴关系高级项目经理John Cotton，万科集团及深石集团创始人、万科公益基金会理事长王石，以及印尼德信钢铁、格林美、隆基绿能等企业代表共同出席了此次活动。边会展示了中印合作在能源转型、绿色发展和自愿减排领域的积极成果，并就如何进一步支持印尼实现能源转型提出了行动愿景。 中国的气候行动与合作愿景 中国气候变化事务特使刘振民在会上谈到：""近年来全球平均气温屡破纪录，热浪海啸等极端气候频发，应对气候变化时不我待，亟需加快全球行动。我们要认识到，解决气候变化问题离不开政府、企业、民众在内的全社会广泛参与。""刘振民特使就全球实现碳中和提出4个工作方向：一是，在全球大范围部署以可再生能源为主导的能源体系；二是，考虑到全球能源转型难以完全脱离化石燃料，需要加快技术创新，对于必须保留的化石燃料做好清洁利用；三是，要保护好生态系统，加强对森林、湿地、海洋等碳汇资源的培育和养护。四是，全社会改变生产生活方式，践行低碳生活。 刘特使强调，中国扎实开展气候行动，绿色低碳发展是推进人与自然和谐共生的重要内容。中国提供了全球70%的光伏组件，60%的风电设备。关于与发展中国家合作，他指出，中国和印尼的能源结构都以煤为主，且两国都是能源需求巨大的发展中国家，两国在能源转型中面临着共同的困难和挑战。中国愿意为印尼等发展中国家共享经验，助力亚洲的能源转型。最后，刘特使呼吁各方深化合作，共同推进全球能源转型，积极参与全球气候行动，为实现世界零碳未来努力奋斗。 南南合作助力绿色能源转型 印度尼西亚公正转型伙伴关系秘书处负责人Paul Butarbutar在致辞中表示，加强国际合作是推动绿色能源转型的关键。他谈到，印尼与中国在低碳发展和可再生能源领域的合作已展现出巨大潜力。印尼政府高度重视能源转型，正在制定积极的政策计划，包括推广太阳能光伏等清洁能源技术，以实现更具可持续的经济发展。他呼吁国际社会，尤其像中国等邻国，深化与印尼的合作，为绿色转型提供技术和投资支持。印尼希望通过合作，学习清洁能源和低碳技术的成功经验，为实现《巴黎协定》的目标作出贡献。 万科集团及深石集团创始人、万科公益基金会理事长王石在致辞中表示应对气候挑战需要政府、企业与NGO（非政府组织）的通力合作。他分享了两个月前访问印尼经济开发区的感受。近年来，印尼吸引了众多中国企业家投资，其中德龙集团旗下的印尼德信钢铁和格林美两家公司令他印象深刻——德信钢铁在环保技术上的成就以及格林美对当地文化、民族和教育的尊重。他们充分展现了中国传统制造业和冶炼企业在绿色环保方面的巨大转变和担当。这些企业不仅在中国推进环保实践，还将中国的经验和实践带到海外。王石希望印尼和中国的合作项目能够成为绿色""一带一路""上的典范，为东南亚乃至更多的""一带一路""国家提供可借鉴的经验。 联合国项目事务署东南亚能源转型伙伴关系高级项目经理John Cotton高度评价了中国在可再生能源领域的成功经验，并呼吁将技术转移模式引入东南亚。他指出，中国在可再生能源和新能源汽车方面的技术创新为全球能源转型提供了宝贵经验。越南、印尼和菲律宾等东南亚国家需要通过技术转移和国际投资来实现能源转型，而中国的技术支持对于东南亚的能源转型至关重要。他呼吁中国及其他国际合作伙伴加强跨国合作，通过共享技术与经验，共同构建绿色未来。 ""一带一路""上的绿色明珠 据了解，2018年4月，印尼政府推出""印尼制造4.0""计划，聚焦食品、汽车、纺织、电子和化工等五大行业，目标在2018至2030年间实现年均GDP增速6%-7%，并提升制造业在GDP中的贡献至21%-26%。到2030年，印尼预计跻身全球十大经济体。然而，基础设施滞后制约经济增长，印尼计划在2020至2024年投资超过4000亿美元，推动机场、电站和海上高速公路等重大项目。 在此背景下，不少中资企业成为推动印尼转型的关键力量，通过技术创新和绿色发展理念，为印尼能源转型提供了支持，并促进了当地经济的可持续增长。 目前，印尼工业领域面临着重大碳排放问题，但这也成为印尼推动绿色经济转型的重要契机。据印尼德信钢铁首席营销官Handy Rachmat介绍，德龙钢铁已累计在印尼德信钢铁投入34亿美元，是东南亚地区最大的联合钢铁企业之一，年产钢700万吨、焦化项目410万吨，在提升印尼钢铁生产力的同时，还将德龙的绿色冶炼技术带到印尼，为当地创造了1800个技术岗位和4000个印尼籍员工的就业机会，每年为印尼政府贡献约5亿元人民币的税收，不仅促进了当地经济，还推动了印尼钢铁行业的规范化，成为中印两国经贸合作的重要项目。 作为国内循环经济的领军者，格林美早在2018年就开始在印尼投资，专注于打造电池回收、原料再造、三元材料再制造、以及电池包再造的完整产业链。该公司已回收处理超过500万吨废旧电池、电子废弃物和报废汽车，成为全球最大的镍钴电池原料再制造基地。记者从公司副总经理张薇处了解到，通过建设世界级的科技智慧绿色镍资源灯塔工厂，格林美将印尼红土镍矿使用率从之前的60%提升到100%，碳排放量降低90%以上。 格林美提出的""百千万培养计划""将在6年内培养100名工程博士、1000名工程硕士、1万名工匠，今年8月，格林美与印尼万隆理工学院、中南大学联合成立了""中国-印尼新能源材料与冶金工程技术联合研究实验室""。不仅推动产业和资本的""出海""，还要通过科技和教育的双轮驱动，促进印尼人民享受到技术进步的红利，提供更多就业机会，提升当地人民的生活水平。 作为国内社区碳中和综合解决方案平台的""生物圈三号""与浙江大学碳中和研究院、白马湖实验室、浙江工业大学能源与可持续发展研究院联合提出了将印尼青山园区建设成""国际碳中和岛""的规划，计划通过推动光伏和风能应用，推动当地企业在钢铁生产过程中捕捉碳并循环利用，制成甲醇替代煤或天然气，并最终实现向绿色氢制钢的过渡。 这一""未来碳中和岛""计划得到了与会的中印两国政府的高度评价，青山园区将成为中印两国碳中和合作的示范项目，并纳入印尼国家能源转型的总体规划中，作为政府、企业、研究机构和智库共同推动的未来产业园。"
"""积极防范气候风险 建设低碳韧性城市""边会在COP29中国角召开",https://cn.chinadaily.com.cn/a/202411/20/WS673dc194a310b59111da48df.html,(chinadaily.com.cn) 2024-11-20 18:59,"中国日报11月20日电 11月19日上午，""积极防范气候风险 建设低碳韧性城市""边会在中国角召开，来自气候变化领域的政府官员、国际组织和相关研究机构代表就城市低碳转型、韧性建设和经济发展协同等问题分享经验，探讨未来城市绿色低碳发展转型方向。迪拜、成都、苏州、悉尼等国内外城市代表参会并分享城市典型案例。 迪拜环境和气候变化局局长艾哈迈德·本·萨尼分享了城市在可再生能源发展、循环经济和低碳建筑、绿色交通等方面的实践经验和最佳案例，通过迪拜绿色转型成功经验强调了城市清洁化发展可行性。 成都市人民政府办公厅副主任杨荷基于近年来成都市在低碳试点创建过程中积累的经验，分享了通过空间规划优化工业布局实现城市绿色低碳转型路径，并探索了低碳、韧性与空间规划协同的结合点。 东南大学长三角碳中和战略发展研究院院长朱晓明基于对苏州市的研究分析，提出在经济发展同时实现减少碳排放的可行方案，并在会上向各方呼吁双零（零碳、零废）城市建设倡议。 悉尼市前任环境主席兼宜可城全球执行委员会委员陈威廉结合全球城市低碳发展经验，强调以气候变化问题为导向，积极开展城市应对气候变化行动，面向未来提出城市低碳韧性建设发展建议。 本次边会充分展示了国内外城市绿色低碳转型方面取得的积极进展，建立起国际城市间沟通交流平台和联系纽带，为各方实现低碳发展目标任务提供路径参考，下一步我国还将继续以城市行动为抓手，更好助力于生态文明建设和高质量完成碳达峰碳中和目标。"
"COP29中国角举办""积极防范气候风险 建设低碳韧性城市""边会",https://cn.chinadaily.com.cn/a/202411/20/WS673dc19fa310b59111da48e0.html,(chinadaily.com.cn) 2024-11-20 18:55,"中国日报11月20日电 2024年11月19日，《联合国气候变化框架公约》第二十九次缔约方大会（COP29）期间，""积极防范气候风险 建设低碳韧性城市""边会在中国角成功举行。中国代表团团长、生态环境部副部长赵英民出席会议并作开幕致辞。 赵英民指出，气候变化对自然生态系统和经济社会发展构成严重威胁，成为全球可持续发展面临的重大挑战。中国政府一贯坚持减缓和适应并重，实施积极应对气候变化国家战略，并在做好国内工作的同时尽己所能为相关发展中国家提供务实支持，截至目前，中国已与42个发展中国家签署54份合作备忘录。 赵英民表示，为强化城市应对气候变化行动，中国在全国范围内开展了81个低碳城市试点和39个深化气候适应型城市试点建设，积极探索城市低碳发展和韧性建设的经验模式。中方愿与各方一道，坚持人类命运共同体理念，携手应对气候变化挑战，共同加强早期预警和气候风险评估、促进绿色低碳和韧性转型、打造城市气候伙伴关系。 联合国秘书长气候行动特别顾问塞尔温·哈特、阿塞拜疆国会议员苏丹·玛玛多夫、宜可城地方可持续发展协会副秘书长科比·布兰德出席边会并致辞，对中国绿色低碳发展和适应气候变化工作所取得的进展和成就表示赞赏，表达了加强应对气候变化国际合作、建立城市伙伴关系的期望。 本次边会邀请中外嘉宾就加强早期预警和气候适应进行交流讨论。同时，成都、苏州、深圳、九江等中国城市代表和迪拜、卡拉奇、悉尼、巴塞罗那、威尼斯、河滨等国际城市代表分享了各自在低碳城市和气候适应型城市建设方面的进展情况和经验做法。"
全球青年气候短视频大赛在COP29正式启动,https://cn.chinadaily.com.cn/a/202411/20/WS673dc1a5a310b59111da48e1.html,(chinadaily.com.cn) 2024-11-20 18:54,"中国日报11月20日电 11月19日下午，《气候影视公益传播》边会暨《绿见未来》气候影视作品评优盛典在《联合国气候变化框架公约》第29次缔约方大会（COP29）中国角举行，六部气候影视作品从来自95个国家和地区的862部参赛作品中脱颖而出，分别斩获金、银和铜奖。 会上，联合国气候变化框架公约组织娱乐与文化气候行动联盟携手活动主办方共同启动2025年中国国际气候影视大会征集，二十多家国内外领先机构联合发布《ESG影视传媒倡议》，由生态环境部宣教中心联合出品的《顺流而上》作为前沿探索优秀作品同期发布。 本次活动由中国国际气候影视大会组委会、深圳市标新科普研究院、国际气候影视促进会共同主办。来自中国的《城市野性居民》获得金奖，来自美国的《气候紧急状态：反馈循环》和泰国的《泰式炒河粉》获得银奖，来自中国的《神""碳""家族之""碳""本求源》、德国的《贝尼村的年轻人》、意大利的《阿尔卑斯地区非本土树种的可持续利用与管理》获得铜奖。 活动现场，联合国气候变化框架公约组织娱乐与文化气候行动负责人卡瑞娜·拉森与中国国际气候影视大会创始人、理事长陈素平联合宣布启动全球青年气候短视频大赛暨第十届中国国际气候影视大会2025年作品征集活动，卡瑞娜宣读《全球青年气候短视频大赛发布声明》。声明指出，大赛旨在彰显青年一代在应对全球挑战中的领导力、创造力和决心，诚邀全球青年积极参与，并期待在COP30或更早时间举办首届颁奖典礼，表彰他们的创造力与贡献。大赛计划组织与媒体专业人士的导师计划、短视频制作工作坊，以及国际平台展示青年作品，旨在促进跨部门和跨代际的对话与合作。 中国气候变化事务特使刘振民发表致辞，他指出，中国有一句俗语，""眼见为实""。用视觉艺术形式记录和解释气候变化复杂机制，用光影技术透视地球生态系统正在经历的剧变，帮助人们直观地""看见气候变化""，是气候变化主题影视作品独特魅力和巨大影响力所在，也是中国国际气候影视大会受到世界各地创作者和观众喜爱的原因，历经近十年努力，已成为中国民间努力推动国际气候变化交流合作的最佳实践之一，中国政府将一如继往地支持中国气候影视大会发展，重视包容性和多元化，依托COP平台，携手共创地球村气候影视盛事。 联合国秘书长安东尼奥·古特雷斯给气候影视大会组委会发来贺电，祝贺组委会再次主办""气候影视公益传播""边会，并预祝活动圆满成功。 联合国副秘书长，联合国亚太经社理事会执行秘书阿尔米达·萨尔西娅·阿里沙赫巴纳发表致辞，她提到在日益严峻的气候危机面前，沟通的作用不可估量，电影拥有触动人心、挑战视角和激发行动的独特能力，这是其他任何媒介都无法比拟的。中国国际气候影视大会这些年的工作表明，创造力和讲故事可以改变我们理解和应对所面临的挑战的方式，希望气候影视大会越办越好。 中国国际气候影视大会相关负责人代表发起单位宣读《ESG影视传媒倡议》。该倡议鼓励企业运用影视传媒创新工具，优化与公众的ESG沟通，推动ESG信息披露与合规，用公众喜闻乐见的方式提升全社会的ESG意识和知识传播，通过发掘、推广并表彰优秀的ESG主题影视传媒作品，提升ESG领先企业的品牌影响力，促进ESG可持续投融资，促进提升娱乐文化产业自身ESG绩效提升，推动从业人员职业生涯的可持续发展，依法保障创作者及从业者的合法权益和劳动福利。 生态环境部宣教中心主任闫世东代表联合出品方发布《顺流而上》，这是我国首部表现生态环境保护执法的现实主义题材电影。 中国气候影视大会（HCCFF）是中国首个聚焦气候变化的公益性电影节。自2015年9月启动以来，征集收到来自130多个国家和地区的12,636部影片投稿，展示了多元化的气候问题视角，并评选出88部获奖作品。为推动应对气候变化知识传播和认识提升，HCCFF成立了气候变化志愿者宣传小组，该小组通过社区和学校开展外展活动，放映电影并推广气候变化意识。该小组向公众宣传绿色低碳生活方式，鼓励环保行为。截至目前，已有超过30万人参与了展映和宣教活动。2017年起，HCCFF启动""青锋少年""气候影视奖项，并在中小学举办多场展映活动。"
COP29｜“社会组织参与可持续发展与气候治理”新闻发布会在巴库成功举办,https://cnews.chinadaily.com.cn/a/202411/20/WS673da5f1a310b59111da487c.html,(信阳新闻网) 2024-11-20 16:55,阿塞拜疆当地时间11月18日下午，《联合国气候变化框架公约》第29次缔约方大会（COP29）期间，中国国际民间组织合作促进会（简称“中国民促会”）成功举办了以“社会组织参与可持续发展与气候治理”为主题的新闻发布会。此次发布会旨在展示社会组织如何在全球气候行动和可持续发展中发挥桥梁作用，促进跨部门合作，以及分享在各自领域应对气候挑战和推动环境可持续性方面的实践经验。 中国民促会项目总监董世宇 主持了新闻发布会，他指出，在全球面临诸多紧迫挑战之际，社会组织站在推动解决方案的最前线。这些组织不仅在推进可持续发展和应对气候变化影响方面发挥着关键作用，而且他们的工作跨越多个行业，有效地促进了地方社区、政策制定者和私营部门之间的合作与伙伴关系。 联合国粮食及农业组织（FAO）可持续发展目标办公室和联合国粮食系统协调中心主任Stefanos Fotiou 强调在气候治理中，FAO发挥着至关重要的作用。FAO设定了“更好的生产”“更好的营养”“更好的环境”和“更好的生活”四个“更好的”目标的具体指标，致力于直接推动2030可持续发展议程，并为可持续发展目标（SDGs）做出贡献。FAO旨在帮助各国建立更加可持续的食物系统，确保全球范围内每个人都能享有充足且健康的饮食，同时应对气候变化带来的挑战。 中国民促会项目总监吕斐 强调了气候变化与性别平等之间的紧密联系，并分享了中国民促会在推动这两个议题上的积极行动。她提到，通过促进气候与性别领域社会组织发展项目，推动气候领域的社会组织在工作中纳入性别视角，同时鼓励关注妇女儿童发展的组织考虑气候变化的影响。同时，通过展示气候与性别融合行动短片，展现了激发社区女性成为变革力量，并呼吁所有利益相关方加入这一探索实践，多方合作，共同迈向更可持续和公平的未来。 长沙绿色潇湘环保科普中心理事长刘盛 介绍了其机构在环保领域的一线实践经验。他们专注于河流保护，致力于通过数字化服务和赋能降低公众参与环保的门槛。他强调了公众参与在环境保护中的核心作用，尤其是在应对生活和农业污染问题时，公众的直接参与能够带来积极的变化。他还展示了借助腾讯公益慈善基金会等机构提供的技术和资金支持下，数字化工具如何使环保行动变得更加便捷和易于参与，从而增强了公众的环保意识和行动力。 爱德基金会社区发展与灾害管理团队主任助理谢婕 分享了社区发展与气候韧性方面的基层实践。爱德基金会与众多社会组织协作，在积极适应气候变化的目标下，开展应对极端天气挑战和建设韧性社区等方面的工作。爱德基金会希望能够在气候变化领域搭建一座桥梁，联合一线社会组织、气候风险脆弱群体、公众、企业、学者和政策制定者，在不同话语体系间传递不同角色面临的气候变化对其产生的影响及其行动，并倡导性的运用不同工作方法和数字工具，探索气候变化背景下，气候风险应对和韧性社区建设的方案。 福建省绿家园环境友好中心秘书长邓佳瑜 以“在区域中形成合力：地方社会组织的可持续实践”为题，介绍了《应对气候变化探索研究指南》，该指南覆盖气候变化概念、政策及最佳实践案例，为公众提供知识资源。她提到在中国民促会的支持下，联合14家社会组织、青年团队和企业在福州成功举办了首届“低碳城市生活推荐会”，将“双碳”目标融入个人生活与工作场景，展示各主体在“衣食住行用”的低碳实践案例。此外，她提到了监督企业碳排放、风电设施回收标准制定以及关注碳汇资源核算等三个工作重点，展示了地方社会组织在促进区域合作和气候行动中的发挥的重要作用。 此次新闻发布会为社会组织展示其在可持续发展和气候治理领域贡献提供了国际舞台，同时通过这一平台，进一步激发了社会各界对气候行动和可持续发展议题的关注与参与，促进了跨界交流与合作。
COP29“节能减排与环保治理的国际合作”主题边会在中国角成功召开,https://cn.chinadaily.com.cn/a/202411/20/WS673d9aa1a310b59111da47f2.html,(鲁网) 2024-11-20 15:47,"2024年11月14日，在阿塞拜疆巴库奥林匹克体育场举行的COP29联合国气候变化大会上，中国节能协会、中国质量认证中心、北京能源协会联合主办的主题为“节能减排与环保治理的国际合作”的中国角边会成功召开。本次边会由联合国亚洲及太平洋经济社会委员会（UNESCAP）特别支持。 本场边会充分发挥各主办单位的专业优势，邀请国际合作组织、节能减排先行企业、具有国际先进水平的节能减排服务机构、国际、国内高校、及各方政府代表与会，分享中国在应对气候变化和低碳发展领域如何利用新技术、新工艺、新设备、新材料改造提升传统产业；讨论如何在国际大力开展先行先试，通过政策和标准体制创新，充分发挥行业协会作用和市场机制作用，引导和激励相关企业走低碳发展道路并积极推广我国节能减排典型案例和宣传我国积极应对气候变化的政策与行动，提升公众参与意识，推动国内应对气候变化工作。 联合国副秘书长兼亚太经社会执行秘书阿里沙赫巴纳致辞中表示：我们为所有国家创造一个可持续的低碳未来而共聚本次活动，中国在节能技术、低碳制造和资源节约型实践方面的创新正在为全球各国加快自身转型创造途径，提供经过测试的解决方案和可扩展的模型。她鼓励所有人考虑如何利用和扩大技术和创新，并指出合作对于加快清洁技术的部署至关重要。 中国节能协会监事长兼碳中和专业委员会名誉主任房庆致辞 北京能源协会专职副会长兼秘书长王璘姬致辞 随着全球经济的发展和人口的增长，能源消耗和碳排放不断增加，给全球环境和气候变化带来了严重挑战。为了应对这些挑战，必须采取积极的行动，通过节能和减少碳排放来推动绿色发展。本次边会期间，联合有关机构发起“节能降碳国际绿色发展倡议”，著名书法家曾以宁大师特别为倡议题词，国家气候中心原副主任吕学都主持宣读倡议书，青岛市第五十八中学张文熙同学代表青少年宣读。 国家气候中心原副主任吕学都主持宣读倡议 联合国亚太经社会能源司司长刘鸿鹏在主旨演讲中表示：亚太经社会秘书处非常支持包容性、弹性和可持续发展；脱碳转型在很大程度上是一种技术转型，实现大部分脱碳过渡的技术已经存在，但它们需要继续变得更好、更便宜；技术市场扩大、能源转型需要与农业、水资源、渔业、自然环境和社区相结合，而区域对话与合作有助于促进节能和可再生能源技术共享、解决资金和劳动力技能提升等关键障碍。 亚洲开发银行高级气候变化官员季琳表示：亚洲开发银行通过能源政策和投资组合助力支持亚太地区的低碳转型，优先考虑能源效率、可再生能源、储能、脱碳和输配电的扩展和升级尽可能利用商业融资，利用信用担保、节能保险等金融去风险工具降低能源效率投资的制约。 CLASP研究部经理劳伦·布彻（Lauren Boucher）分享了国际节能政策及其经验，比如通过规定设备必须满足的最低能源和性能要求标准，淘汰市场上最低效的产品；通过提供特定产品的能源性能信息的标签，帮助消费者做出购买决策；通过降低初始成本的激励措施加速更换低效电器等。 中国质量认证中心处长于洁分享了主题为《节能降碳技术创新与应用》的演讲,分别从中国节能降碳技术政策、案例应用、绿色低碳技术评价等方面的做了重要阐述，展现了中国企业绿色低碳实践的决心和责任。 在主题为“节能减排与环保治理的国际合作”的嘉宾对话环节，参与对话嘉宾分享了中国在节能减排、能源转型、绿色发展、国际合作等方面的经验和成果，分享全球产业低碳转型升级和气候治理经验，展望新技术、新工艺、新设备和新材料发展应用前景，以及中国节能降碳实践，促进中国企业与国外同行的交流与合作，推动能源和产业绿色低碳转型。 参与对话的嘉宾分别是： 蒋 岚 上海市国际展览（集团）有限公司副总裁 张艳辉 山东华函信息科技有限公司董事长 叶 青 弗碳（上海）能源科技有限公司董事长 李瑞琪 福华通达化学股份公司联席总经理 王珂英 湖北经济学院碳排放权交易省部共建协同创新中心副院长 吴 斌 常州市建筑科学研究院集团股份有限公司总经理 孙 冰 中国建设贸促会中英碳治委员会执行主任 王利俊 北京中科鼎图环境技术服务有限公司总经理 中国节能协会副秘书长，中国节能协会碳中和专业委员会秘书长张军涛主持本次会议，他表示“参与COP29是我们推动全国碳中和工作的一部分，也是我们响应全球气候行动的体现。我们希望通过这次大会，进一步推动中国在气候变化领域的合作与交流，为实现全球碳中和目标做出更大的贡献。”"
绿色一带一路实践推荐案例名单在第29届联合国气候变化大会期间公布,https://caijing.chinadaily.com.cn/a/202411/20/WS673da479a310b59111da4862.html,(东方网) 2024-11-20 15:09,11月11日—22日，《联合国气候变化框架公约》第二十九次缔约方大会（简称：COP29）在阿塞拜疆首都巴库召开，本次大会致力于达成气候融资新目标，削减温室气体排放，建设气候韧性社区。 由中华环保联合会、埃塞俄比亚政府主办，中国投资协会协办的“一带一路”气候减缓与气候适应的案例与实践边会于11月16日成功举办。本次边会聚焦“一带一路”倡议下的绿色发展合作，来自中国和埃塞俄比亚的政府、企业、民间组织代表，围绕“一带一路”经济发展与应对气候变化之间的协同议题，分享了各自的经验和实践。 会议由埃塞俄比亚规划与发展部环境与气候变化协议与战略伙伴关系首席执行官曼素·德西（Mensur Dessie）主持，中国气候事务特使刘振民代表、埃塞俄比亚规划与发展部部长菲特苏姆·阿塞法·阿德拉（Fitsum Assefa Adela）等嘉宾为会议致辞。 埃塞俄比亚规划与发展部部长菲特苏姆·阿塞法·阿德拉女士（Fitsum Assefa Adela）在致辞中介绍了埃塞俄比亚计划6年种植40亿棵树、将森林覆盖率提高到23.6%的绿色遗产倡议，同时展示了埃塞俄比亚在区域能源一体化和可持续发展方面的努力，以及对于中国绿色“一带一路”工作的支持。 活动主办方中华环保联合会代表现场宣读了中国气候特使刘振民先生对于边会的致辞。刘振民特使在致辞中表示，在“一带一路”的框架下，绿色发展合作已经成为中国和带路沿线国家的主旋律，越来越多中国企业在带路沿线拓展业务。到目前为止，仅埃塞俄比亚就有1800多家中国企业在包括光伏、储能、家电等领域开展合作。中方赞赏埃塞俄比亚发起的绿色遗产倡议，以及在气候减缓和气候适应方面所开展的努力。也期待能有更多的中国企业走出去，加强与埃塞俄比亚、与非洲伙伴、与广泛带路国家的合作，将更多国内优秀的气候减缓、气候适应技术进行落地，促进带路绿色低碳发展，助力巴黎协定目标的早日实现。 边会中的主题分享环节，埃塞俄比亚绿色遗产倡议负责人阿德菲雷斯·沃库博士、中国投资协会能源投资专业委员会副会长兼秘书长张杰、晶科能源全球ESG负责人姚臣谌、沈阳华德海泰电器有限公司董事长国世峥、上海宝碳新能源环保科技有限公司董事长朱伟卿等嘉宾，分别就埃塞俄比亚的气候雄心、“一带一路”倡议下新能源面临的机遇与挑战、前沿气候治理理念以促进全球净零排放转型、供应链管理如何助力“一带一路”沿线制造业绿色低碳发展，以及“一带一路”沿线碳交易与碳金融的开发策略等主题进行主题发言。 在以“绿色带路建设中的机遇与挑战”为主题的圆桌对话环节中，生态环境部国家气候战略中心战略规划部主任柴麒敏、隆基绿能首席可持续发展官及副总裁张海濛、Nova Complex首席运营官马成载、明阳新能源投资控股集团有限公司中东北非中心总经理王立和等嘉宾参与了讨论。 现场中华环保联合会“一带一路”生态产业合作工作委员会发布2024“一带一路”绿色供应链案例及2024“一带一路”生态环境治理技术及产品推荐目录第一批入围候选名单。 （2024“一带一路”绿色供应链案例第一批入围候选名单） （2024“一带一路”生态环境治理技术及产品推荐目录第一批入围候选名单） 中华环保联合会“一带一路”生态产业合作工作委员会副主任兼秘书长石祥表示：随着全球化的不断深入，企业出海已成为拓展市场、寻求新的增长点的重要战略。“一带一路”绿色供应链案例及产品推荐目录的发布，对于推动我国绿色供应链企业走向国际化，提升我国在全球绿色供应链建设中的影响力具有重要意义。为“一带一路”沿线国家和地区的绿色发展提供了有益的参考和借鉴，有助于推动“一带一路”沿线国家和地区的绿色发展，实现互利共赢的目标。 据悉，中华环保联合会将于2025年1月10日在北京召开的“‘一带一路’绿色品牌出海推介活动暨‘一带一路’经济与环境合作论坛”，将作为企业家与海外组织、使馆开展交流与合作的关键平台，进一步促进国际环境保护与可持续发展的产业合作。论坛现场将汇聚200名中外政要与学者、各国驻华大使、外交官，以及国内外顶尖的环保企业。共同探讨如何在“一带一路”框架下推动绿色产业发展，以及如何通过技术创新和政策支持，实现生态环境的可持续治理。 论坛旨在为各方提供一个深入交流、共同探索绿色技术与发展战略的平台，携手推动绿色品牌在国际产业间的合作与发展，为推动全球生态环境保护和气候变化应对贡献中国智慧和中国方案。 活动期间将正式公布2024“一带一路”绿色供应链案例及2024“一带一路”生态环境治理技术及产品推荐目录入围名单。
COP29召开，粮食系统在气候行动中扮演怎样的角色？,https://cnews.chinadaily.com.cn/a/202411/20/WS673d749fa310b59111da46c9.html,(信阳新闻网) 2024-11-20 11:04,"《联合国气候变化框架公约》第二十九次缔约方大会（COP29）于11月11日至22日在阿塞拜疆首都巴库举行。本次大会主题为“携手共创绿色世界（In Solidarity for a Green World）”，重点讨论气候融资、科技创新、国家自主贡献（NDCs）、全球适应目标（GGA）和损失与损害等议题，旨在通过国际合作应对气候变化，推动绿色可持续发展。 然而，在COP29召开之际，世界气象组织发布的《2024年气候状况更新》再次发出红色警报，警示气候变化在短短一代人时间内的迅速加剧，2015至2024年将成为有记录以来最热的十年。冰川融化、海平面上升和海洋加热的速度正在加快，极端天气对全球社区和经济造成的影响和冲击日益显著。 在温室气体排放的来源中，除工业生产和交通运输这一类已广为人知的因素外，全球粮食系统也是温室气体的主要来源，其中的农业活动和土地利用变化扮演着不容忽视的重要角色。 粮食系统与气候变化休戚与共 早在2021年，《自然-食品》发布的研究报告指出，世界粮食体系占全球人为温室气体排放量的三分之一以上。联合国环境规划署（UNEP）的数据显示，粮食系统造成了80%的生物多样性丧失, 80%的农业用地用于饲养牲畜及种植用作饲料的作物，但仅提供20%的热量。去年COP28召开期间，联合国环境规划署（UNEP）发布的《前沿报告（Frontiers）》特刊也强调畜牧业对环境的影响，指出传统的动物产品的生产过程中，包括碳排放、饲料、土地利用和能源密集型全球供应链，几乎占食品相关碳排放的60%，总计占全球排放的14.5% - 20%。 近年来，气候变化大会对粮食系统的关注也逐步加深。去年，COP28首次设立了专门的“粮食、农业和水（Food, Agriculture and Water）”主题日，聚焦讨论粮食问题，并有160个国家签署了具有开创性的《关于韧性粮食体系、可持续农业及气候行动的阿联酋宣言》，承诺到2025年将农业和粮食系统纳入各自的国家气候行动。 COP28期间多家企业和基金会也就食品体系做出了相关承诺。阿联酋、比尔和梅琳达·盖茨基金会、贝索斯地球基金会等机构共拨款70多亿美元，包括企业、金融机构和农民在内的200多家非国家行为体签署了联合国行动呼吁，承诺推动食品体系变革。雀巢、达能等全球食品巨头也参与其中，共同推动粮食领域的可持续发展。 今年的COP29延续了这一传统，在11月19日举办了“粮食、农业和水”主题日，重点讨论了利益相关方如何齐心协力解决粮食和农业问题。此外，粮农组织（FAO）与COP29主席国联合发起“巴库农民与气候和谐发展倡议（Baku Harmoniya Climate Initiative for Farmers）”，为农业粮食体系相关各方提供协作平台，推动构建气候融资格局，加速向可持续和有韧性的农业食品系统转型。 植物性食品是关键气候解决方案之一 ‌ 在粮食系统的转型中，替代蛋白质正逐渐成为推动可持续发展的关键力量。根据全球新蛋白智库The Good Food Institute (GFI) 给出的定义，替代蛋白质包括通过植物制成、动物细胞培养或发酵生产的肉类，既能提供媲美传统肉类的风味，又能显著减少土地、水资源消耗及温室气体排放。其中，植物性食品因其可追溯的悠久历史和成熟的食品科技，近年来备受关注。 在缓解气候变化方面，植物性食品展现出不可小觑的潜力。权威学术期刊《Science》的一项研究表明，转向以植物为主的饮食模式有50%的可能性实现1.5°C的温控目标。国内植物蛋白食品先锋品牌星期零联合新华网、中国农业科学院农业环境与可持续发展研究所、北京农学院共同编辑并发布的《2022中国植物肉减碳洞察报告》也预测，如果按照全国172.2万家便利店、新式茶饮、咖啡厅等门店每天各售出10份含有60克星期零植物肉的餐品计算，这些植物肉产品全年所减少的碳排放量将高达3355.2万tCO₂e，相当于2426.4万个普通家庭一年的取暖排放、1677.6万辆汽车一年的排放量、67.1亿棵树一年吸收的二氧化碳量。 与此同时，多家国际机构和企业也积极加大对植物性食品领域的投入。其中，宜家设定了“2025年全球50%食堂食品和80%的零售食品都为植物基”的目标。作为欧洲最注重植物性食品的超市之一，奥乐齐（ALDI）近年来不断扩大其纯素和植物性食品系列，目标是到2024年底覆盖从化妆品到肉类替代品等在内的1000种产品。此外，贝索斯地球基金会于今年3月宣布将投资6000万美元用于创建可持续蛋白质中心（The Bezos Centers for Sustainable Protein），重点关注生物制造领域的挑战，为应对气候变化提供创新解决方案。目前，贝索斯地球基金会已联合北卡罗来纳州立大学、英国帝国理工学院、新加坡国立大学等成立了贝索斯可持续蛋白质中心，旨在开发既美味健康又经济环保的替代食品，包括植物蛋白以及混合蛋白产品。 ‌ 更丰富的植物性食品选择助力减碳走上日常餐桌 令人欣喜的是，如今市场上的植物性食品种类日趋丰富，为消费者提供了更多元化的选择。以国内植物蛋白食品先锋品牌星期零为例，尽管成立仅五年，其产品已覆盖牛肉、鸡肉、猪肉及海鲜等风味，多次携手瑞幸、肯德基、德克士、全家FamilyMart等品牌推出三明治、饭团、汉堡等多样化餐品，同时还在山姆会员商店上架了口袋沙拉棒、海苔豆腐、沙拉摇摇杯等创新产品，持续为消费者提供“让健康更好吃”的全时段产品选择。 为满足消费者对美味、健康与性价比的多重需求，星期零等植物蛋白食品品牌也在“好吃”与“健康”之间不断探索平衡，持续推出丰富多样的创新产品。今年，英国知名肉类替代品品牌Quorn计划将其真菌蛋白成分与肉类混合，推出如混合汉堡和香肠等产品。星期零则推出了双蛋白安格斯牛肉饼，通过动植物蛋白的协同作用，不仅赋予产品浓郁的风味，还弥补了传统安格斯牛肉饼中膳食纤维的缺失，同时具备高蛋白和0反式脂肪酸的健康优势。数据显示，与传统安格斯牛肉饼相比，星期零双蛋白安格斯牛肉饼脂肪含量减少约15%、饱和脂肪减少约26%、胆固醇含量降低约75%，而钙含量则增加了约76%。目前，星期零已与全家FamilyMart合作推出了安格斯牛肉双蛋白大口饭团和双蛋白安格斯牛肉堡等系列双蛋白产品，最高售价仅为10.8元，为消费者带来兼具美味、高品质又实惠的选择。 GFI创始人兼总裁Bruce Friedrich曾指出，不源自动物的蛋白质是与可再生能源和电动车（EVs）齐名的单一食品系统气候干预措施。可再生能源、电动车和替代蛋白质的目标不在于改变人们消费能源、驾驶和食用肉类的欲望，而是在于改变这些产品的生产方式。 与气候行动一样，打造一个更具韧性和包容性、更加可持续的粮食系统，需要多方协作和长期努力，但每个人都可以通过减少食物浪费、选择植物性饮食等行动，在日常的衣食住行中贡献自己的可持续发展力量。 “种一棵树最好的时间是十年前，其次是现在。” 部分参考资料： Science，Volume 370 | Issue 6517 | 6 Nov 2020，Global food system emissions could preclude achieving the 1.5° and 2°C climate change targets Marco Springmann, H. Charles J. Godfray, Mike Rayner, and Peter Scarborough，Analysis and valuation of the health and climate change cobenefits of dietary change 联合国环境规划署（UNEP）、GFI等，What’s cooking: An assessment of the potential impacts of selected novel alternatives to conventional animal products 新华网、星期零、中国农业科学院农业环境与可持续发展研究所、北京农学院，《2022中国植物肉减碳洞察报告》"
联合国难民署期待与中国加强合作,https://cn.chinadaily.com.cn/a/202411/19/WS673c6dbfa310b59111da4520.html,(中国日报网) 2024-11-19 18:51,联合国难民署气候行动特别顾问安德鲁·哈珀在《联合国气候变化框架公约》第二十九次缔约方大会COP29期间表示：联合国难民署期待加强与中国的合作，最大限度地发挥中国价格实惠且便携的太阳能产品在满足流离失所群体能源需求方面的潜力。“这种需求是巨大的，远远超出了我们目前的合作范围。因此，我们希望尽可能扩大合作。”他说。（记者 侯黎强）
释永信：为全球气候行动提供禅宗智慧,https://cn.chinadaily.com.cn/a/202411/19/WS673c2602a310b59111da4356.html,(中国日报网) 2024-11-19 13:45,近日，中国嵩山少林寺方丈释永信现身阿塞拜疆首都巴库联合国气候变化大会（COP29）现场。在接受中国日报采访时，释永信表示他对气候变化问题已关注多年，近几日，他在COP29上与联合国官员以及宗教界人士深入交流，传播禅宗理念，获得了各方的认可和尊重。“我们分享中国的做法，分享我们传统的这种智慧、这种理念，来解决全球性的问题，来解决地球未来的问题。” 他说。 （记者 侯黎强 实习生 石羽碟）
国际竹藤组织COP29中国角边会成功举办,https://cn.chinadaily.com.cn/a/202411/19/WS673c252ba310b59111da4355.html,(中国日报网) 2024-11-19 13:41,"中国日报11月19日电 2024年11月18日，国际竹藤组织在《联合国气候变化框架公约》第二十九次缔约方大会（COP29）中国角成功举办边会。边会由国际竹藤组织和中国国家林业和草原局联合主办，主题为""采取气候行动 减少塑料污染：助力落实'以竹代塑'倡议""。 国际竹藤组织副总干事陆文明作主旨发言，指出2022年11月，中国政府与国际竹藤组织共同发起""以竹代塑""倡议，以减少塑料污染，应对气候变化。2023年11月，中国政府与国际竹藤组织发布""以竹代塑""全球行动计划。为进一步落实""以竹代塑""倡议及行动计划，深化与联合国机构和东道国中国政府的合作，在国际层面，国际竹藤组织分别与联合国贸易和发展会议、联合国气候变化框架公约和国际农业发展基金签署了三项协议，拓展了国际合作伙伴关系网络。在中国，国际竹藤组织与中国国家发展和改革委员会签署共建""一带一路""合作谅解备忘录，将""以竹代塑""相关行动正式列为""一带一路""倡议的重点合作事项。同时，国际竹藤组织筹划实施了""试点成员国以竹代塑关键技术研究与示范""项目。在未来，国际竹藤组织将继续与成员国携手合作，落实""以竹代塑""全球行动计划，支持""以竹代塑""倡议设立目标的实现。 中国国家林草局生态保护修复司副处长穆巴拉克·艾则孜女士作主旨发言，重点介绍了中国政府在实施""以竹代塑""倡议方面所采取的行动和取得的进展。她指出，中国政府与国际竹藤组织携手发起和落实""以竹代塑""倡议，是中国开展全球绿色合作的重要行动之一。近年来，中国率先采取了一系列行动：制定了《加快""以竹代塑""发展三年行动计划》，组织实施了""以竹代塑""关键技术国家重点研发计划项目，发布了""以竹代塑""专项标准体系，为 ""以竹代塑""产业提质增效，实现转型升级，取得最佳的经济、社会和生态效益提供了有力支持和保障。未来，在全球发展倡议和南南合作框架下，中国将继续与国际竹藤组织等多方国际伙伴一道，践行""以竹代塑全球行动计划""，为全球气候行动和绿色可持续发展提供基于自然的解决方案。 国际竹藤组织全球项目部主任Jayaraman Durai作主旨报告。他详细介绍了""以竹代塑""全球行动计划在减缓塑料污染和气候变化方面的举措，以及各类竹产品及应用形式作为塑料替代品的潜力及市场前景。他还分享了""以竹代塑""倡议及行动计划在全球及中国的落实情况，包括促进塑料污染控制的贸易法规、宣传和倡导、研发以及未来发展计划等。 来自《联合国气候变化框架公约》秘书处、世界贸易组织国际机构高级代表，国际竹藤组织成员国埃塞俄比亚、加纳、喀麦隆及中国的政府官员及企业代表参加了对话环节，讨论在""以竹代塑""倡议背景下，如何将 ""以竹代塑""元素纳入国际和国家层面的战略规划；介绍以竹代塑创新产品和技术，助力竹材作为塑料替代品的转型；探讨如何推动全球竹产品贸易，促进全球代塑产品的普及；分享竹藤贸易监管框架、金融机制政策法规和全球竹藤市场的发展现状与前景。 边会由国际竹藤组织全球政策官员艾博哈主持。 当前应对塑料污染已成为全球环境治理领域的热点议题。2022年11月，中国与国际竹藤组织共同发起""以竹代塑""倡议，在全球深化""以竹代塑""合作，更好发挥竹子在代替塑料产品方面的突出优势和作用。2023年11月，中国政府与国际竹藤组织联合发布""以竹代塑""全球行动计划（2023-2030），提出一系列务实行动举措，动员国际社会和各相关利益方一道，共同推动减少塑料污染，助力实现2030年可持续发展目标。"
COP29中国角数字化日举行,https://cn.chinadaily.com.cn/a/202411/19/WS673c24f3a310b59111da4354.html,(中国日报网) 2024-11-19 13:40,"中国日报11月18日电 《联合国气候变化框架公约》第二十九次缔约方大会（COP29)于2024年11月11-22日在阿塞拜疆首都巴库举行，该会议被认为是一次推动气候危机应对行动的重要契机。 11月16日COP29中国角举办数字化日，生态环境部应对气候变化司司长夏应显、世界可持续发展工商理事会主席（WBCSD)Peter Bakker等重量嘉宾到场致辞。 夏应显指出，过去10年中国以年近3%的能源消费增速支撑了连续6%以上的经济增长，二氧化碳排放强度下降了35%，在推动绿色、低碳、高质量发展方面取得积极成效。 他指出，作为一个发展中国家，中国在应对气候变化方面也面临着前所未有的挑战。中国从碳达峰到碳中和时间不过30年，而在自然达峰之后，发达国家会通过50到70年的时长来实现碳中和。 他强调，中国需采取前所未有的力度才能实现2030年前二氧化碳排放达峰，2060年前实现碳中和的目标。 夏应显表示，中国角去年首次设立了 AI主题边会，探讨数字技术和数字经济在推动绿色低碳发展，构建气候韧性社会中的作用。 ""我想这对于促进全球范围明确应对气候变化的共识，通过数字化推动绿色低碳协同发展的意义非常重大。"" 他说。 夏应显表示，他相信AI在探索应对气候变化工作前沿技术，攻克共同面临的有关技术挑战方面能发挥更加重要的作用。 阿里云全球数据中心总经理王朝阳认为，""绿色""将成为云计算的重要竞争力之一，""可持续AI""和""AI促进可持续""在阿里云原生可持续数字基础设施中相辅相成。 当前，阿里云提出""五大绿色""云原生数字基础设施技术栈，包括绿色能源、绿色产品、绿色架构、绿色运维和绿色服务，通过全球数字智能化能源碳管理体系、碳账单、算力电力协同驱动的碳智能推荐系统等产品，提供可持续能力的商业模式选择。 阿里云正在通过AI降低单位算力的能耗和碳排。结果表明，典型计算任务时间调度可带来37%能源成本节省和14%碳排成本优化，结合AI智算任务特性，将时间调度应用于异构并行计算可实现10.94%的单位算力碳排放降低，并带来近似比例的能源成本节省。基于该项工作，阿里云还协同行业中国信通院等开启云原生数字基础设施单位算力能耗、碳排相关标准的立项和推动工作。 中国角的数字化日聚焦讨论了绿色AI、可持续消费和可持续标准，这些主题同样是当天大会数字化日的重要焦点。"
"《2024""美丽中国，我是行动者""企业气候行动案例集》在COP29发布",https://cn.chinadaily.com.cn/a/202411/19/WS673c24aba310b59111da4353.html,(中国日报网) 2024-11-19 13:39,"中国日报11月19日电 在全球气候行动的关键时刻，中国企业正以实际行动响应COP29""增强雄心，落实行动""的主题。11月18日，《2024""美丽中国，我是行动者""企业气候行动案例集》新闻发布会在COP29成功举行，展示了中国企业在生态文明建设中的积极角色和创新实践。 在COP29会议期间，生态环境部宣传教育中心、大道应对气候变化促进中心联合万科公益基金会，共同发布了《2024""美丽中国，我是行动者""企业气候行动案例集》，旨在展示中国企业在绿色低碳高质量发展、生态文明宣传教育和全球气候治理中的积极作用。 本次会议由大道应对气候变化促进中心主任杨培丹主持，生态环境部宣传教育中心主任闫世东、万科公益基金会气候变化与生物多样性高级项目经理刘熙、万物云可持续发展中心ESG牵头人许诗伦、晶澳科技ESG与可持续发展部总监李京以及哈佛大学人工智能与可持续发展协会主席黄瑞杰等作为发言人出席。 闫世东主任在发言中强调，企业是建设生态文明的重要力量。他提到，2023年中国制造业累计创建了国家级绿色工厂5095家、绿色工业园区371家、绿色供应链管理企业605家、生态工业园区73家。这些成就展示了中国企业在绿色低碳高质量发展、生态文明宣传教育和参与全球气候治理中的""主力军""作用。 杨培丹主任介绍了今年的案例集，突出了在绿色制造、绿色供应链、循环经济、数字技术减排、可持续发展信息披露以及公众参与和教育等关键领域的最佳实践。她说，今年入选的这些15个案例不仅展示了领先企业在气候行动中的潜力，而且为其他企业提供了一个可以遵循的蓝图。 她特别强调，公众参与是今年案例集的一个特点，这是对""美丽中国，我是行动者""的身体力行。 刘熙说，过去6年万科公益基金会一直在持续支持《企业气候行动案例集》，今年又有15家优秀企业的加入，展示了中国企业应对气候变化的决心和行动，也体现了基金会在推动绿色低碳发展方面持续的承诺和努力，我们未来也会支持这一项目。她介绍基金会也始终在碳中和社区先行探索与推广、社区废弃物管理瓶颈突破、中国气候故事讲述等重点战略持续深耕。 作为入选案例集的企业代表，许诗伦分享了物业管理服务企业在节能和减排方面的实践经验，以及如何通过""灵石""AI系统提升公共空间的减排管理水平。万物云作为一家物业管理服务企业，在中国服务了超过5,000个住宅小区、商业写字楼和产业园区等场景，其在节能减碳方面的努力对于推动整个行业的绿色转型具有重要意义。 《2024""美丽中国，我是行动者""企业气候行动案例集》的亮相，见证了中国企业在气候行动中的创新和领导力，也将带动更多企业参与气候行动的实践，为其提供宝贵的参考和灵感。中国企业正以实际行动证明，绿色转型不仅可行，而且充满机遇。"
积极践行“双碳”目标 全国首款“碳中和”陈皮亮相COP29,https://caijing.chinadaily.com.cn/a/202411/19/WS673c310ba310b59111da43ca.html,(东方网) 2024-11-19 13:33,"11月11日至22日，《联合国气候变化框架公约》第29次缔约方大会（COP29）在阿塞拜疆首都巴库隆重召开。从国家自主贡献到全球适应目标，从损失与损害议题到能源转型探索，每一个议题都紧密关联着地球的未来和人类的共同命运。 在本次盛会中，众多公司展示出一系列低碳乃至零碳的创新产品，成为大会亮点。作为本次大会陈皮行业的唯一代表，广东邑祥陈皮有限公司（前身为清道光年间创立的“大荣行”）携明星产品——全国首款“碳中和”新会陈皮精彩亮相蓝区主展厅，凭借其独特的绿色魅力吸引了全球目光，众多参会者纷纷驻足品鉴。 新会陈皮是广东省江门市新会区特产，以卓越的品质与深厚的文化底蕴，赢得了国内外市场的广泛赞誉，并被列为国家地理标志保护产品。此次展示的全国首款“碳中和”陈皮源自新会陈皮核心产区之一的新会东甲，采用传统三刀法开皮，经过传统新会陈皮炮制技艺，让每一片陈皮都沐浴在天然阳光下，经历高标准自然仓储陈化储存，油室均匀饱满，入口柑醇，陈香四溢。 从种植到消费的每一个环节，广东邑祥陈皮有限公司都力求将对环境的影响降至最低，并通过碳足迹核算评价和碳中和措施，实现了真正的“碳中和”目标，成功开创了中国陈皮行业的先河。该款产品限量发行5000份，不仅是中国广东省新会区农副产品中首个“双碳”工作示范产品，更是中国农产品在绿色低碳领域的杰出代表。 作为为广东邑祥零碳陈皮产品提供碳足迹核算评价与碳中和服务的第三方单位代表，北京中创碳投科技有限公司及其子公司中创兴碳（湖南）科技有限公司的专业团队亲临大会现场，向参观者详细介绍了该款陈皮的低碳生产理念、碳足迹评估流程等特色优势。 广东邑祥陈皮有限公司历经百年传承,凭借其在新会陈皮产业生态链中的领先地位， 现已发展成为集种植、加工、仓储、研发及销售于一体的综合性企业。面对国家碳达峰、碳中和的战略目标，公司积极践行双碳战略，通过打造全国首款“碳中和”新会陈皮产品，填补了陈皮行业产品碳中和的空白，树立了陈皮行业绿色转型的新标杆，以实际行动诠释“绿色发展”的深刻内涵。 在全球气候行动的关键时刻，中国首款“碳中和”新会陈皮在COP29的精彩亮相，不仅是中国低碳创新成果走向世界的生动案例，更展示了中国在应对气候变化方面的创新能力和实践成果，为中国产品的低碳转型树立高标准典范的同时，也为全球产品的绿色发展注入了全新动力。"
中国ESG30人论坛2024年会成功举办，携手探索ESG引领的新经济范式,https://tech.chinadaily.com.cn/a/202411/18/WS673bfc70a310b59111da42a0.html,(咸宁新闻网) 2024-11-18 17:29,11月9日，第十五届财新峰会ESG专场暨中国ESG30人论坛2024年会“ 寻找价值之锚” 在北京举办，博鳌亚洲论坛副理事长、中国人民银行原行长周小川，世贸组织前总干事帕斯卡尔 ·拉米(Pascal Lamy )，上海交通大学上海高级金融学院创院理事长屠光绍，中国国际经济交流中心副理事长胡晓炼 ，中国工程院院士、山东省科协主席凌文，华东师范大学紫江特聘教授刘擎，原银保监会一级巡视员叶燕斐，国务院发展研究中心市场经济研究所副所长王青 ，北京绿色交易所副董事长、北京绿色金融协会秘书长梅德文 ，教授级高工、中电联专家委员会副主任委员王志轩，中央财经大学绿色金融国际研究院院长王遥，上海交通大学人工智能研究院常务副院长杨小康等政界、学界、国际机构嘉宾以及来自联想集团、易方达基金、蚂蚁集团、兴业银行、惠誉评级、世界黄金协会、平安健康、伊利、亚朵集团、AEX控股公司、腾讯等国内外企业、金融与行业机构的代表出席会议并发言，共同探讨了ESG投资推动方向、绿色金融建设、资本市场长期发展、企业出海、AI治理、新质生产力培育、碳市场等关键问题。 年会现场，《2024中国ESG发展白皮书》 (以下简称“白皮书”)正式发布。这是ESG30连续第五年发布该白皮书。这份白皮书聚焦2024年度中国ESG发展、政策动态、全球市场趋势，以及出海、碳市场等热点议题。白皮书还引入联想、蚂蚁集团、远景、农业银行、光大银行、东方证券等多家机构实践案例，追踪展示ESG2.0这一理念，在企业、金融机构的战略构建、业务布局以及出海、业务创新、金融服务等具体场景中的践行路径，丰富ESG的概念内涵和路径探索。 财新传媒副总裁，财新智库执行总裁高尔基在欢迎致辞中强调，ESG是企业长期价值创造的核心。他介绍，财新智库和中国ESG30人论坛今年发布了多项ESG领域的重要研究成果，涵盖高碳行业转型、气候投资、普惠金融、企业出海、ESG人才培养、AI治理等重要议题，并推出“ESG30青年学者计划”，旨在通过这些举措促进ESG与中国经济的高质量发展紧密融合。 高尔基，财新传媒副总裁，财新智库执行总裁 世贸组织前总干事帕斯卡尔· 拉米就日前中欧围绕新能源汽车关税的争议表示，根据世贸组织规则，如果能证明一国通过补贴获得了不公平的比较优势，有权征收反补贴税。他认为，欧盟对每家公司基于补贴测算单设关税的做法符合世贸组织规则。拉米强调欧盟在电动车关税上寻求平衡，既要实现绿色化，又要保持产业竞争力，维护就业岗位，并减少对中国在电池及关键材料方面的依赖。同时，他认为，中国公司前往欧洲建厂或是一个解决方案，如同30年前中国以合资和技术转让为条件，允许欧洲汽车在中国销售。 帕斯卡尔·拉米(Pascal Lamy)，世贸组织前总干事 中国国际经济交流中心副理事长胡晓炼在“金融助力绿色发展与新质生产力培育”主题演讲时强调，发展绿色金融的核心任务是将金融资源配置到绿色经济领域，支持环境改善和应对气候变化。她提出解决当前绿色金融发展中的三个不平衡(市场主体、行业及地区、供给)和三个不充分(价格引导、激励约束、数据信息)的问题。为此，金融机构应创新绿色金融服务，包括全产业链绿色金融战略、支持绿色科技创新、建立绿色金融发展基金，促进绿色转型及产业链协同发展。 胡晓炼，中国国际经济交流中心副理事长 中国工程院院士，山东省科协主席凌文指出，中国企业在国际ESG评级中表现并不理想，国内的ESG评级也面临挑战。上海交通大学ESG研究院正是在这样的背景下成立，旨在打造出开源、开放的ESG数据库，建立国内引领、国际认可的评价体系、推动中国企业提升ESG表现，并为高水平的学术研究，高水平的人才培养和国际组织交流提供平台。 凌文，中国工程院院士，山东省科协主席 “主题讨论一：深水区的ESG 投资：坚守与突破”环节由财新ESG频道、中国ESG30人论坛主编汪苏主持。 汪苏，财新ESG频道、中国ESG30人论坛主编 原银保监会一级巡视员叶燕斐表示，怎么样抓住真正的ESG评价指标或评价方法，据此能观察企业行为和资本市场上市公司的表现，是很大的难点。没有现成的答案，要靠大家探索。叶燕斐表示，目前对投资者最大的激励是一个健康的宏观经济。设计激励约束机制也尤为重要。市场层面，最重要的是价格方面的激励，通过碳市场的发展真正实现碳价内生化，让可持续发展的成本分摊到利益相关者上面去。财政税收方面也有许多工具可以用来调节激励，关键在于如何将这些政策工具利用得更精准。 叶燕斐，原银保监会一级巡视员 中央财经大学绿色金融国际研究院院长王遥表示，虽然特朗普的上台对ESG与可持续发展不是好消息，但ESG投资、可持续金融发展的趋势不会改变。她认为，ESG投资有三大重点问题：防范投资风险、找到超额收益及避免“洗绿”问题。这需要有真正的、更精妙的ESG投资策略。此外，她指出，中国企业存在对ESG认知不足、被动应对、披露数据质量不高等问题。王遥建议加强信息披露要求，用好金融科技提升数据质量，并鼓励ESG评级“百花齐放”，以满足不同需求者。 王遥，中央财经大学绿色金融国际研究院院长 兴业银行董监事会办公室总经理夏维淳表示，兴业银行在实践ESG理念的过程中体会到，ESG是可以切实为企业赋能的。越来越多的国际投资者开始以ESG眼光来评估企业。兴业银行已有20年践行可持续发展理念的历史，早在2004年就引进国际战略投资者IFC。在夏维淳看来，ESG倡导的理念和关注的议题与“创新、协调、绿色、开放、共享”的新发展理念高度吻合，ESG是协同推进金融“五篇大文章”最好的连接器。从银行的角度，把ESG做好了以后，金融“五篇大文章”协同发展也就做好了。他强调，只有把ESG理念真正融入战略和经营管理的日常里面，才能够行稳致远。 夏维淳，兴业银行董监事会办公室总经理 惠誉评级亚太区ESG及可持续金融董事韦志远表示，“信用评级比较趋同，但ESG评级千差万别”这一现象的产生，跟ESG投资定义不够清晰有很大关系，应区分财务重要性和双重重要性，如果评级机构没有清晰阐述“评什么”，就会出现偏离。同时，即使是财务重要性，一些ESG评级缺乏跨地区、行业和全球范围内的可比性标准，使得评级结果差异加剧。他认为，评级机构应该讲清楚评级逻辑，投资人就可以相应地做价格锚定，同时需要不断提升数据的透明性和准确性，确保评估结果准确。 韦志远，惠誉评级亚太区ESG及可持续金融董事 易方达基金ESG研究主管程杰表示，对于投资机构而言，如何让ESG评价体系为己所用是非常重要的。只有ESG评价体系与自身投研理念相契合，ESG与投研才能有效融合。易方达基金利用丰富的数据来源，基于自身投资理念，构建了符合国家战略和国内市场的ESG评价体系，力求更好地指导投资决策。她认为，许多上市公司非常重视ESG，机构投资者可以发挥“积极股东”作用，帮助上市公司深入了解投资者和各类客户的ESG需求，与各方共同努力推动上市公司ESG治理水平的提升。 程杰，易方达基金ESG研究主管 “主题讨论二：构筑经济“ 向新力”环节由财新传媒副主编，《中国改革》总编辑杨哲宇主持。 杨哲宇，财新传媒副主编，《中国改革》总编辑 国务院发展研究中心市场经济研究所副所长王青表示，目前，中国新能源车出海过程中仍在用国内的思维和方法，在国外遇到了阻力。下一步出海中需要有国际化思维。他举例称，中国新能源车在海外市场的价格内卷影响了当地人的认知，呼吁企业出海应考虑当地社会经济发展。就中国新能源汽车出海面临的反补贴调查，王青称，历史上包括德国、日本在内的汽车强国在出口量达到400万至450万辆(约占全球产销比重5%)时，会对汽车需求国国内产业造成冲击，导致博弈。中国已经突破了这一稳定的阈值，但欧美对中国新能源汽车加税对于出口的影响并没有市场预期的悲观。 王青，国务院发展研究中心市场经济研究所副所长 伊利集团副总裁张轶鹏表示，企业出海是靠品质走出去、靠共赢走进去、靠可持续发展走得更远。他介绍，目前伊利在全球拥有81个生产基地，产品销往60多个国家和地区，并通过严格的食品安全标准确保品质。张轶鹏强调，伊利通过与新西兰500多家牧场合作，实现共赢，深度融入当地市场。伊利坚持可持续发展战略，已建成5家“零碳工厂”，41家工厂获国家级“绿色工厂”认证，并与全球骨干伙伴成立零碳联盟。 张轶鹏，伊利集团副总裁 平安健康执行副总裁兼首席财务官臧珞琦表示，养老行业玩家特别多，但有多少公司能够实现盈利并长期可持续发展?这是平安健康非常关心的。她指出，医疗健康企业需通过服务和创新模式，以及资源聚焦、战略聚焦来实现服务普及与成本降低。平安健康通过7×24小时服务、健康档案、养老管家等产品服务创新，在生态创新方面，链接数十万家线上线下的医疗健康和养老健康的管理机构，打造医健服务矩阵。 臧珞琦，平安健康执行副总裁兼首席财务官 蚂蚁集团ESG可持续发展办公室全球负责人闫萌表示，当企业解决了社会问题、创造了社会价值，一定能够同时实现好的商业价值，这两者是一体实现的。她举例称，蚂蚁集团为方便外国人来华支付，携手机构伙伴，推出了外卡内绑、外包内用两个方案;针对中小企业出海面临的国际市场波动、外汇风险、跨境交易成本等挑战，通过旗下的跨境支付平台万里汇，实现了一个帐户，全球收付。企业要坚持把自身放到社会环境的更大坐标系中，并制定清晰的可持续发展路径。 闫萌，蚂蚁集团ESG可持续发展办公室全球负责人 世界黄金协会中国区CEO王立新认为，如何让产业链上的更多企业充分认识到黄金可持续发展的重要性，不将其视为额外的成本负担，而是看作一种能够带来长期回报的投资，这是黄金矿业在ESG层面遇到的巨大挑战。他介绍，2019年世界黄金协会发布了《负责任黄金开采原则》，并经过四年努力，会员公司逐步落实负责任开采工作。黄金开采在可持续发展方面的挑战未来是可解决的，通过市场宣传，加大投资者和消费者的正面认知，将促进更多企业践行可持续发展。 王立新，世界黄金协会中国区CEO 在“ESG Innovation Lab ：可持续创新方案演讲”环节中，亚朵集团联席 CFO、执行副总裁，大住宿事业群HBG联席总裁吴健锋谈到，亚朵集团在ESG方面的实践包括人文、温暖、有趣三大标签。亚朵梳理了过去十年的ESG工作，始终践行人与人之间温暖连接的理念。亚朵通过竹居流动图书馆、猿梦计划保护濒危物种、宠物友好型酒店等项目，推动文化传承和人文关怀，体现企业社会责任。 吴健锋，亚朵集团联席CFO、执行副总裁，大住宿事业群HBG联席总裁 在“特别讨论：人工智能的善治之道”环节中，由财新智库、ESG30出品，上海交通大学人工智能研究院、联想集团联合出品的国内首份聚焦科技行业AI创新自律与治理的《人本智能：人机共生时代的科技发展观》报告(以下简称“报告”)正式发布。报告在业内首次系统性阐述了“人本智能”科技发展观的内涵与四大原则，为AI技术研发和应用提供了框架性指引。 财新智库高级研究员卢常乐在报告发布环节中表示“人本智能”包括三重内涵：第一是人本设计，强调在 AI 技术和系统的设计、应用及推广中，对人的需求、情感和价值的理解与尊重，必须坚守不伤害、做有责任的 AI等底线;第二是人是AI发展的最终目标，强调AI是人的工具，能够扩展人的能力，人的价值提升是 AI 的目标，而非相反;第三是人本向善，倡导向善价值观和行为规范纳入完整生态架构。 “倡议发布：《人本智能—— 人工智能发展与治理倡议》”环节由财新智库高级经济学家、研究主管王喆主持。 王喆，财新智库高级经济学家、研究主管 华东师范大学紫江特聘教授刘擎从哲学的角度为技术发展提出了新的思考。刘擎指出，人们在谈论AI的时候，往往看到的是新技术对人类有益处，同时也会造成危害，这是一种把技术当作工具的理论，但这样的思考非常有局限。我非常支持人本智能，在AI技术迅猛发展的时代，最重要的问题就是思考人类的价值，我们所有的努力都应该放在人的框架下，祈愿人文精神长存于心。 刘擎，华东师范大学紫江特聘教授 上海交通大学人工智能研究院常务副院长、教授杨小康表示，在AI时代，应当踏踏实实做技术，让人工智能回归“人本智能”。理解“人本智能”可以借鉴马斯洛的需求层次理论(Maslow's Hierarchy of Needs)，即AI一定要满足人的多种需求，分别是满足“吃穿住行”的基本生活需求;满足人安全感的“可信智能”;提供社交价值的“交互智能”;让人获得尊重的“共情智能”以及创造价值、实现自身价值的“共创智能”。 杨小康，上海交通大学人工智能研究院常务副院长 “如何更放心地应用人工智能?我认为最适合的路径就是混合式人工智能，也就是公共人工智能和私域人工智能的结合。过去40年，联想集团一直坚持以用户需求导向开发，把技术的开发、产品的创新与更简易的使用方式相结合。我认为人工智能最大的价值就是增强人类智能，而实现它的最佳模式就是混合式人工智能。”联想集团副总裁、全球电脑与智能设备首席质量官王会文表示。 王会文，联想集团副总裁、全球电脑与智能设备首席质量官 腾讯设计杰出专家、腾讯混元产品负责人陈妍表示，人工智能为人类未来的发展带来很多的想象，新技术为整个人类社会带来的最大的价值，是把人与知识之间的距离缩得更短了，并提升了弥合技术鸿沟的可能性。 陈妍，腾讯设计杰出专家，腾讯混元产品负责人 “特别讨论：碳定价和碳交易下一步”的主旨演讲由财新传媒总编辑王烁主持。 王烁，财新传媒总编辑 博鳌亚洲论坛副理事长，中国人民银行原行长周小川在主旨演讲中表示，应该进一步用好碳市场，发挥好碳价激励机制，形成共识和政策，加快推进。他认为，中国碳市场还缺乏明确的总量封顶且交易不活跃，建议减少免费配额，在奖惩机制方面进一步明确绿证、碳排放权市场及CCER之间的关系。同时，他建议碳市场引入提供远期价格或期货，为投资者决策作参考。周小川表示，温室气体排放和气候变暖问题，还应更多与科技研发结合起来。金融界也应发挥发挥PE、VC等投资机构作用，创建更丰富的金融产品体系，在应对气候变化上做出更多贡献。 周小川，博鳌亚洲论坛副理事长，中国人民银行原行长 “特别讨论：碳定价和碳交易下一步”的环节讨论由财新传媒能源新闻部主任范若虹主持。 范若虹，财新传媒能源新闻部主任 北京绿色交易所副董事长，北京绿色金融协会秘书长梅德文表示，国际社会正在从条到块，从政府到市场，从供给到需求，循序渐进地构建统一碳市场。COP29可能成为推动全球碳市场启动的关键时刻。未来的全球气候变化治理，可能需要逐步建立一个相对统一的国际碳市场。他强调，碳市场对于中国而言是一种兼具激励机制和约束机制的包容性、分享式的制度设计，有助于能源、经济、金融和社会转型。在市场化、国际化的大背景下，中国自愿碳市场将为建设更加有效、更具活力、更有国际影响力的中国碳市场，为中国新质生产力发展作出重要的贡献。 梅德文，北京绿色交易所副董事长，北京绿色金融协会秘书长 教授级高工，中电联专家委员会副主任委员王志轩认为，在“碳达峰、碳中和”背景下，煤电在新型电力系统中有新的定位，建议未来更加系统地设计碳配额分配方案，明确长效机制。他他进一步指出，随着国内新能源占比逐渐提高，火电机组面临更高的调节要求，煤电功能定位向基础保供和系统调节并重转变。王志轩还提醒，如何将降碳成本通过电价传导至终端用户，还需要有新的政策支持。 王志轩，教授级高工，中电联专家委员会副主任委员 AEX控股公司（香港）创始人黄杰夫表示，中国推进碳期货交易，第一要素是要国际化。香港已经具有相对成熟的衍生品市场和国际化监管架构，可借助香港的金融市场基础设施，离岸、在岸交相呼应，实现沪港碳通，以此相对审慎、快速且风险可控地构建中国碳期货市场。构建碳期货市场还要专业化，关注持仓比与交易量，提供碳排放远期合约，并关注机构持仓比例。他强调，金融机构的作用，是助力期货市场开展套期保值、发现价格，最终帮助控排企业低成本减碳。 黄杰夫，AEX控股公司(香港)创始人 在”闭幕演讲：ESG与长期投资培育”环节，上海交通大学上海高级金融学院创院理事长屠光绍 指出，今年是ESG概念提出的20周年，就像许多新事物一样，全球在ESG投资方面产生了很多分歧，出现了一些“退潮”现象。这时候，ESG投资需要正本清源、回归初心，尤其是要理清三个基本问题，价值观、方法论和持续性。屠光绍表示，回到这三个最核心的问题，在这些基本问题上形成更多共识，就能够形成更多的行动方案，不断累积经验。 最后屠光绍指出，虽然ESG的践行是有起伏的，ESG投资也不会一帆风顺，但只要人类社会需要可持续发展，离不开可持续发展，那么ESG形式不重要，ESG体现的投资实质的意义就会有强大的生命力。 屠光绍，上海交通大学上海高级金融学院创院理事长 年会之后，还进行了ESG30青年学者计划(2024-2025 )开题会暨ESG关键议题研讨会，ESG30青年学者计划学术顾问、导师、学界业界专家，与入围青年学者代表，齐聚一堂，交流议题，碰撞思想，探索推进路径。 编辑：rwzh4
AI模特试衣、智能发布、智能托管，闲鱼携多款AI新品亮相联合国气候大会,https://caijing.chinadaily.com.cn/a/202411/18/WS673b067fa310b59111da40d9.html,(中国日报网 ) 2024-11-18 17:18,数字技术将成为闲置循环效率提升、推动可持续消费的新变量。 日前，第29届联合国气候大会（COP29）在阿塞拜疆召开，并首次设置数字化日，闲鱼再度应邀参会，在这一天向世界分享了数字时代下可持续消费的创新与实践成效。在中国角边会上，闲鱼CTO陈举锋公布了平台注册用户数已突破6亿的消息，并展示了“闲鱼AI智能体”这一闲鱼式的AI模型，这也是业内首次将AI技术运用于闲置交易场景中。 不同于其他平台在绿色低碳发展、推动可持续消费中发挥的作用，闲鱼绿色发展本身就是建立在闲置物品循环流通上，为此提升闲置物品流通效率是关键。 据悉，“闲鱼AI智能体”是基于AI技术，并依托闲鱼自身的数据能力创建的行业大模型，旨在优化闲置交易全链路中的交易体验，提升闲置流通效率。目前已应用在售前信用分体系鱼力值，售中提升效率的智能发布、智能托管、AI模特试衣、循环商店，以及售后服务阶段的小法庭上。 （闲鱼AI智能体亮相第29届联合国气候大会） “闲置交易有非标准化的特点，加上交易双方以个人用户为主，容易产生信息不对称，认知的不统一，进而带来交易前的不信任或是交易后的纠纷，在整个AI技术与产业蓬勃发展的当下，我们希望通过全面应用大模型AI来进一步解决这些行业难题”，陈举锋表示。 据介绍，2023年闲鱼就已经开始对AI技术的探索，首先切入的是“信任”问题。闲鱼基于大模型及大数据技术，搭建了全新的信用分体系“鱼力值”，帮助用户更加准确地了解买卖双方的信用状况，选择合适的交易对象。数据显示，上线一年多，用户在平台上找到合适交易对象的平均时间缩短13.66分钟。 数字技术的运用有效降低了人们参与闲置交易的门槛，带来了闲置流通效率的提升，推动了可持续消费的发展。一系列数据也印证了这一点，目前闲鱼注册用户数已破6亿大关，年度用户复合增长率已经接近30%，近两年尤其快。同时，过去一年有超1亿人在闲鱼挂出闲置宝贝，平台用户参与碳减排量达到659.4万吨，这一数字同比增长了110%。 “目前我们对AI的尝试还聚焦于重点场景中，是点状的，未来我们希望能由点到面让数字技术深入平台交易的方方面面”，在陈举锋的构想中，未来闲鱼将与AI有更加深度的链接，基于闲鱼大数据与持续完善的行业大模型，以闲鱼AI学习和分析能力为中枢，整体重构闲置交易体验。 “我们希望以后每一位来闲鱼的用户都能拥有自己专属的‘AI顾问’，你只需要打开闲鱼，在首页和它进行对话，告诉它你的需求，它就会帮你完成后续在整个闲置交易流程中的所有工作”，陈举锋表示。
天宝电子于COP29大会展现绿色电源领导力，深化国际合作,https://caijing.chinadaily.com.cn/a/202411/18/WS673b20a3a310b59111da4179.html,(东方网) 2024-11-18 16:43,"近日，天宝电子此次《联合国气候变化框架公约》第二十九次缔约方大会（COP29）的行程圆满结束。此次大会汇聚了企业代表及环保领域的专家学者，共同商讨应对气候变化、推动全球绿色发展的策略与路径,各方共同凝聚共识，携手应对气候变化挑战，推动全球向更加绿色、低碳、可持续的未来迈进。 天宝电子（惠州）有限公司总裁杨冰冰作为中国企业代表之一登台发表了题为“践行绿色，碳就未来”的精彩演讲，向与会者分享了天宝电子在绿色电源领域的思考与行动，以及过去、现在和未来在减碳和绿色发展方面所做出的努力和取得的成果。 杨总的演讲得到了与会者的高度评价和认可。众多与会者表示，天宝电子在绿色电源领域的思考和行动为全球应对气候变化挑战提供了宝贵的经验和启示。 天宝电子——做绿色零碳的先行者 早在上世纪80年代，天宝电子就已开启了减碳之路。在行业标准能效转换率普遍只有60%的时期，天宝就已做到了65%。以65W开关电源为例，以每百万PCS计算，每提升5%转换效率，可减少碳排放3027吨。从上世纪80年代开始，到90年代，到2006，再到2016，以及现在，天宝一直在不断超越自己，能效转换率始终保持在行业标准能效转换率之上。 作为电源行业的一份子，天宝始终坚信“绿色发展”是企业长远发展的必经之路，也是我们对社会、对后代应尽的责任。为了应对气候变化带来的挑战，天宝一直致力于通过技术创新和产品升级，把大电源变成小电源。还是以天宝65W超薄快充为例，每个超薄快充相比传统适配器减少胶壳用量约71%(47g)，每百万PCS减少胶壳用量47吨。每个超薄快充相比欧盟六级能效标准效率提升约4%，可减少约2.42kg碳排放，每百万PCS，减少碳排放2421吨。 推进绿色产品研发，共筑电源行业新发展 今年以来，得益于国家政策扶持以及社会各界人士的支持，天宝在ESG方面的步伐逐渐加快。 2024年3月，天宝创能绿色工厂启动建设，目前已高分通过广东省绿色工厂评价。天宝将继续进行系统优化和节能最大化，致力于能耗双控脱钩工作，以通过明年的绿色工厂评价。 （天宝创能绿色工厂太阳能屋顶） 6月，天宝开始打造全产品绿色供应链，将ESG标准纳入供应商考核体系，优先选择环保、可回收的原材料供应商，并与他们建立长期稳定的合作关系，推动供应链的绿色化和可持续化。 （企业绿色供应链管理培训大会） 9月，由天宝与惠州广电集团联合畴办了中国首个绿色生产力媒体栏目“零碳行动”以及“经济与工业绿色转型发展”等系列公益讲座。 （经济与工业绿色转型发展区域公益讲座） 11月，天宝将设立女性职工健康区域公益課程，关爱女性职工健康，推动女性职工完课人数预计达3500人以上。后续，此系列课程将面向社会开放，为更多女性职工及广大受众带来健康福祉。 做行业碳路者，逐绿前行 天宝将继续秉承“践行绿色，碳就未来”的理念，不断探索和实践绿色发展的新模式和新路径。正如天宝集团所倡导的企业使命，尊重自然和社会，持续为客户提供有竞争力的电源解决方案与服务。天宝集团也将积极加强与国际伙伴的合作，共同推动全球绿色转型和可持续发展目标的实现！"
《“一带一路”绿色发展展望报告》发布 共建国家共谋绿色发展前景可期,https://cnews.chinadaily.com.cn/a/202411/18/WS673af86fa310b59111da403e.html,(国企网) 2024-11-18 15:03,当地时间11月15日，“一带一路”绿色发展国际联盟《“一带一路”绿色发展展望报告》（以下简称《报告》）在《联合国气候变化框架公约》第二十九次缔约方大会（COP29）上发布，得到各方高度评价。 《报告》当天下午在COP29中国角活动之一的“ ‘一带一路’应对气候变化南南合作与绿色对外开放案例与实践”主题边会上与公众见面。作为第三届“一带一路”国际合作高峰论坛的务实合作项目清单之一，《报告》全面总结了绿色丝绸之路建设的进展与成效，并就更好地对接共建国家绿色发展需求的前景进行展望。 绿色“一带一路”建设为共建国家注入强大动力 共建“一带一路”倡议提出以来，始终以高标准、可持续、惠民生为目标，秉持绿色、开放、廉洁理念，聚焦绿色基建、绿色能源、绿色金融等重点领域合作，为共建国家推动生态环境和生物多样性保护、应对气候变化挑战、落实联合国2030年可持续发展目标、实现绿色低碳转型注入了强大动力。 在中国与“一带一路”共建国家的共同努力下，绿色丝绸之路建设不断取得新进展。《报告》指出，这些进展推动了绿色基础设施的“硬联通”、绿色规则标准的“软联通”、绿色交流合作的“心联通”，探索出了经济发展与环境保护“双赢”的新路径，人与自然和谐共生的理念已融入“一带一路”建设的各领域与全过程。2019年，中外合作伙伴共同发起“一带一路”绿色发展国际联盟，截至目前已吸引来自40余个国家的170多家合作伙伴加入，包括20多个共建国家的环境与气候主管部门。 《报告》显示，2010年-2020年，共建国家绿色发展指数不断提高，绿色丝绸之路建设取得了实实在在的成效。相较于2013年，2020年共建国家绿色发展指数均值提升了3%，绿色发展水平总体呈现上升态势。特别是环境和社会发展维度，2020年共建国家环境维度绿色发展指数均值较2013年提高了1.32%，年均提高0.19%，明显高于2013年较2010年的年均增长率（0.08%）。其中，新加坡、阿联酋、沙特阿拉伯、格鲁吉亚等国家进步明显，绿色发展指数增幅超10%。 为共建国家推动重点领域绿色发展提供借鉴 《报告》已纳入第三届“一带一路”国际合作高峰论坛多边合作成果文件清单及务实合作项目清单，旨在为各相关方对接共建国家绿色发展需求、推动“一带一路”生态环境及气候领域国际合作提供决策参考和方向引导，同时为共建国家推动重点领域绿色发展提供借鉴。 兼顾系统性、科学性、前瞻性和国际性，《报告》构建了兼顾环境、经济和社会三大可持续发展维度的“一带一路”绿色发展指数评估体系，基于2010年-2020年双边经贸合作度较高的44个共建国家的绿色发展相关指标数据，分析共建国家绿色发展趋势，评估绿色丝绸之路建设在推动共建国家绿色发展中的作用。 《报告》包括背景介绍、绿色发展评估与案例分析、重点领域识别、未来政策和行动建议四大部分，系统梳理“一带一路”倡议提出以来绿色丝绸之路建设的进展，构建“一带一路”绿色发展指标体系及评估方法学，评估共建国家绿色发展现状及潜力，识别出生物多样性保护、应对气候变化、绿色金融、海洋可持续发展、可持续交通、能源绿色转型、绿色技术创新和法规标准联通八个重点领域，并分别对这些领域开展现状分析、未来展望和合作建议。《报告》认为，在这个充满挑战的时刻，“一带一路”建设，特别是绿色丝绸之路的提出，为世界提供了一个新的视角和可能性。绿色丝绸之路高度契合共建国家人民对美好生活的向往，与联合国可持续发展目标要求深度对接，在新时代必将焕发出勃勃生机。 作为《报告》的外方咨询顾问，联合国可持续发展解决方案网络主席、美国哥伦比亚大学教授杰弗里·萨克斯在接受记者专访时说，《报告》的研究结果十分重要，“共建‘一带一路’可被称作是全球最重要的绿色经济倡议，中国在零碳能源、电动汽车、高铁以及改变世界能源体系的诸多领域提供了尖端技术。我认为在对‘一带一路’绿色发展的研究方面已经取得了很多成果，未来还会有更多进展”。 共建国家共谋绿色发展前景可期 推进共建“一带一路”绿色发展，是积极应对气候变化、维护全球生态安全的重大举措，是推进共建“一带一路”高质量发展、构建人与自然生命共同体的重要载体。 绿色是共建“一带一路”的鲜明底色。《报告》认为，基础设施建设相关指标对共建国家整体发展水平提升的贡献度较高，在拉动经济增长、提升当地福祉等方面发挥积极作用。近年来，绿色技术交流和绿色产品贸易在“一带一路”建设中越来越占主导地位，通过共享节能环保技术和清洁低碳能源解决方案，有效引领共建国家的绿色产生水平提升，提高当地产业能效并减少环境污染，促进绿色就业和经济增长。 序章灿烂，未来可期。为应对一系列全球挑战，亟需探索以绿色低碳转型引领经济社会发展的新型可持续发展模式。展望未来，共建“一带一路”第二个金色十年的新篇章已经开启。绿色丝绸之路建设将以高标准、可持续、惠民生为目标，继续深入对接联合国可持续发展议程，持续推动发展中国家绿色低碳转型，不断促进全球环境治理体系完善，积极应对中长期气候变化，推动世界各国携手同行康庄大道，书写构建人类命运共同体时代新篇。 “一带一路”绿色发展需要共建国家付出集体努力，而中国在能源转型、绿色低碳发展方面展现出世界领导力，有能力为世界发展提供更多绿色解决方案。杰弗里·萨克斯对说，“中国与东南亚、非洲的广大发展中国家合作，这将促进共建国家的经济发展，而这些国家将为中国技术和中国产品提供良好的市场，这是真正意义上的双赢。我认为，中国和非洲的密切合作将使非洲在未来实现快速的经济增长。正因如此，我对共建国家共谋绿色发展的前景充满信心。” 绿色发展是顺应自然、促进人与自然和谐共生的发展，是高质量、可持续的发展，已成为各国共识。未来，“一带一路”绿色发展国际联盟将与中外合作伙伴一道，持续开展联合研究并发布《“一带一路”绿色发展展望》系列研究报告，及时分析总结相关经验做法，分享“一带一路”建设的绿色成效和进展，以期为持续推动绿色丝绸之路建设提供决策支持和行动建议。（刘恺） 《“一带一路”绿色发展展望报告》（中文版）封面 《“一带一路”绿色发展展望报告》（英文版）封面
中外专家热议应对气候变化南南合作为全球气候治理作出积极气候贡献,https://cnews.chinadaily.com.cn/a/202411/18/WS673aa574a310b59111da3e8a.html,(新华财经) 2024-11-18 09:29,当地时间11月15日下午，在《联合国气候变化框架公约》第二十九次缔约方大会（COP29）中国角举办的“‘一带一路’应对气候变化南南合作与绿色对外开放案例与实践”主题边会上，来自中外研究机构、媒体、高校、NGO的嘉宾在会上分享中国应对气候变化南南合作的创新路径与实践成效，共同探讨如何通过跨领域沟通对话交流，进一步推动应对气候变化南南合作为全球气候治理作出积极贡献。 气候变化是当今世界面临的严峻挑战之一。COP29中国代表团团长、中国生态环境部副部长赵英民表示，中国通过南南合作，为其他发展中国家应对气候变化提供了资金、技术和智力支持。2016年以来，中国已提供并动员项目资金超过1770亿元人民币，有力支持其他发展中国家应对气候变化。 图为“‘一带一路’应对气候变化南南合作与绿色对外开放案例与实践”主题边会举行现场 “一带一路”绿色发展国际联盟联合主席、贝索斯地球基金总裁兼首席执行官斯蒂尔赞赏中国在技术、资金和政策三方面发挥的关键作用。他表示，中国不仅是南南合作的技术引领者，还通过“一带一路”倡议帮助其他发展中国家改善环境质量、实现绿色转型。 “一带一路”绿色发展国际联盟副理事长、欧盟亚洲中心董事会成员兼联席主席索尔海姆称赞共建“一带一路”不仅是连接中国与全球的桥梁纽带，也象征着南方国家力量的崛起。中国通过共建“一带一路”倡议向世界输出绿色低碳发展理念和实践，成为成功经验的积极分享者、项目建设的主要参与者和合作机制的共同推进者。 盖达尔·阿利耶夫基金会副主席、阿塞拜疆环境行动国际对话（IDEA)创始人莱拉·阿利耶娃表示，中国引领的气候变化南南合作实践有力提升了广大发展中国家应对气候变化的能力。中国强调提高公众参与环境和应对气候变化的重要性，尤其是发挥“一带一路”绿色发展国际联盟等平台作用，带动更多青年参与环境和气候行动，为全球应对气候变化寻找创新解决方案。 “南南合作”是发展中国家相互支持、共同发展的重要合作方式。与会嘉宾就进一步推动应对气候变化南南合作，为全球气候治理提供重要支持力量提出有益建议。 联合国可持续发展解决方案网络主席、哥伦比亚大学教授杰弗里·萨克斯表示，共建“一带一路”是促进全球转型发展的加速器，期待中国继续发挥清洁产能优势，持续扩大国际合作，帮助其他发展中国家实现可持续发展。 在气候变化问题上，发展中国家面临着相似的困境和挑战。赵英民表示，作为“全球南方”的天然成员，中国愿与中外合作伙伴一道，以绿色丝绸之路建设为抓手，推动应对气候变化南南合作成为全球气候治理的重要支持力量。斯蒂尔表示，期待中国通过南南合作建立统一的碳排放核算标准体系，有效推动全球减排行动。 “‘一带一路’应对气候变化南南合作与绿色对外开放案例与实践”主题边会由“一带一路”绿色发展国际联盟中国环境与发展国际合作委员会秘书处主办。会议期间，“一带一路”绿色发展国际联盟发布了《应对气候变化南南合作中国行动》和《“一带一路”绿色发展展望》研究报告。《应对气候变化南南合作中国行动》报告总结回顾了中国为发展中国家提供资金、技术、智力支持的最新进展，进一步剖析了在全球绿色低碳发展趋势下，中国支持应对气候变化南南合作的理念、成效与发展方向。《“一带一路”绿色发展展望》是第三届“一带一路”国际合作高峰论坛多边合作成果文件之一，系统梳理了绿色丝绸之路建设的进展和成效，构建了“一带一路”绿色发展指数评估体系，识别了“一带一路”绿色发展的挑战、机遇与重点合作领域。（钟忠）
联合国官员：中国勇于担当获得回报，期待继续发挥绿色引领力｜世界观,https://cn.chinadaily.com.cn/a/202411/16/WS6738a467a310b59111da3ca8.html,(中新网) 2024-11-16 21:55,11月11日至22日，《联合国气候变化框架公约》第29次缔约方大会(COP29)在阿塞拜疆首都巴库举行。中国在太阳能、风能和电动汽车方面的投入，令全球瞩目。正如《联合国气候变化框架公约》秘书处副执行秘书诺拉·哈姆拉吉(Noura Hamladji)对中新网所指出的那样，她希望中国在绿色发展领域继续保持引领地位，推动全球向更具雄心的气候目标迈进。在她看来，中国的领导力无疑为其他国家设立了榜样，证明勇于担当将得到回报。(陈天浩 林勐男）
美知名学者高度评价中国能源转型成就,https://cnapp.chinadaily.com.cn/a/202411/16/AP673aa218a3102b24bcb3f78b.html,(新华社 ) 2024-11-16 16:21,《联合国气候变化框架公约》第二十九次缔约方大会（COP29）正在阿塞拜疆首都巴库举行。联合国可持续发展解决方案网络负责人、美国哥伦比亚大学教授杰弗里·萨克斯15日接受新华社采访时说，中国已成为能源转型领域的重要引领者，在应对全球气候变化方面的作用不可或缺。 萨克斯当天应邀出席全球能源互联网发展合作组织主办的“推进新能源可靠替代，加快全球气候行动”主题活动、COP29中国角“‘一带一路’应对气候变化南南合作与绿色对外开放案例与实践”主题边会等多场中方组织的活动，高度评价中国在绿色低碳高质量发展领域的成就和贡献。 萨克斯说，通过艰苦而漫长的努力，“中国成功建立了非凡的能源转型生态系统”。在应对全球气候变化方面，中国的作用不可或缺。 “中国正在快速推进能源转型，增加太阳能等绿色能源产能，这对中国绿色发展非常重要。”萨克斯说，“与此同时，中国的生产能力使世界其他国家的能源转型成为可能，中国对外出口先进的绿色能源技术，促进其他国家实现低碳发展。” 萨克斯建议，世界各国应在可再生能源领域建立良好的全球伙伴关系，而共建“一带一路”倡议就是一种建立并深化伙伴关系的方式，该倡议已经通过实践证明了自身生命力。
美知名学者高度评价中国能源转型成就,https://cn.chinadaily.com.cn/a/202411/16/WS67385614a310b59111da3c47.html,(新华社 ) 2024-11-16 16:21,《联合国气候变化框架公约》第二十九次缔约方大会（COP29）正在阿塞拜疆首都巴库举行。联合国可持续发展解决方案网络负责人、美国哥伦比亚大学教授杰弗里·萨克斯15日接受新华社采访时说，中国已成为能源转型领域的重要引领者，在应对全球气候变化方面的作用不可或缺。 萨克斯当天应邀出席全球能源互联网发展合作组织主办的“推进新能源可靠替代，加快全球气候行动”主题活动、COP29中国角“‘一带一路’应对气候变化南南合作与绿色对外开放案例与实践”主题边会等多场中方组织的活动，高度评价中国在绿色低碳高质量发展领域的成就和贡献。 萨克斯说，通过艰苦而漫长的努力，“中国成功建立了非凡的能源转型生态系统”。在应对全球气候变化方面，中国的作用不可或缺。 “中国正在快速推进能源转型，增加太阳能等绿色能源产能，这对中国绿色发展非常重要。”萨克斯说，“与此同时，中国的生产能力使世界其他国家的能源转型成为可能，中国对外出口先进的绿色能源技术，促进其他国家实现低碳发展。” 萨克斯建议，世界各国应在可再生能源领域建立良好的全球伙伴关系，而共建“一带一路”倡议就是一种建立并深化伙伴关系的方式，该倡议已经通过实践证明了自身生命力。
全球能源互联网发展合作组织在COP29期间举办主题活动,https://cn.chinadaily.com.cn/a/202411/16/WS6738343ca310b59111da3c25.html,(中国日报网) 2024-11-16 13:52,"中国日报11月16日电当地时间11月15日是《联合国气候变化框架公约》第二十九次缔约方大会（COP29）能源主题日，阿塞拜疆首都巴库举办的首场活动聚焦以全球能源互联网碳中和新方案推进能源转型、实现《巴黎协定》温控目标。 活动以""推进新能源可靠替代，加快全球气候行动""为题，由全球能源互联网发展合作组织（以下简称""合作组织""）与阿塞拜疆能源部、联合国气变公约秘书处、联合国可持续发展解决网络等联合主办，发布《新能源可靠替代促进全球碳中和》报告，首次对新能源可靠替代进行系统阐释，并设计了新能源可靠替代综合评估体系，规划提出新能源从电量替代到容量替代、再到全面替代的三个发展阶段，为全球应对气候变化提供中国智慧和解决方案。 来自中国、阿塞拜疆、乌拉圭气候与能源部门的领导者、联合国等国际组织负责人，全球40多家机构的60多名嘉宾现场参与本次活动。中国气候变化事务特使刘振民，阿塞拜疆能源部副部长萨米尔·瓦利耶夫，乌拉圭工业、能源和矿业部部长艾丽莎·法西奥，联合国亚太经社委执行秘书阿里沙赫巴纳，联合国环境规划署执行主任英格•安德森，联合国项目事务署执行主任豪尔赫·莫雷拉·达席尔瓦，出席活动并发表主旨演讲。全球发展智库首席专家辜胜阻教授、联合国副秘书长李军华发表视频演讲。 全球能源互联网发展合作组织主席、中国电力企业联合会理事长辛保安在致辞中指出，推动可再生能源倍增发展是一项系统工程，涉及能源开发、配置、利用各个环节，需统筹考虑安全、消纳、成本等因素。全球能源互联网理念的核心是构建清洁主导、电为中心、互联互通、智慧高效的现代能源体系，推动能源生产清洁化、消费电气化、配置广域化、业态数字化，是一套具有普适性的能源转型系统方案。 辛保安表示，建设全球能源互联网，实现可再生能源倍增目标，一是创新可再生能源开发模式，采用集约化低成本开发、水风光多能互补开发、源网荷储一体化开发等新模式，能够有效提升可再生能源开发规模和质效，吸引各方加强绿色投融资，促进可再生能源对化石能源全面可靠替代；二是推进电网互联互通，推动可再生能源大规模开发，需要通过电网互联，促进不同地区能源资源互补互济、优化配置，提高能源供给质量和效率；三是增强能源系统韧性，可再生能源发展对电力系统安全运行提出了更高要求，需要以数字化、智能化技术为电网赋能，构建数智化坚强电网，增强电网气候弹性、安全韧性、调节柔性和保障能力，为可再生能源开发利用和电力可靠供应提供坚强平台。 2023年，133个国家在cop28会议形成了""摆脱化石能源""共识和2030年将全球可再生能源装机容量增至三倍（达到110亿千瓦）的倡议。但距离实现这一全球目标仍然存在30亿千瓦的差距，亟需实现目标的可行方案。《新能源可靠替代促进全球碳中和》报告针对全球不同地区的资源禀赋、发展阶段差异，创新提出新能源可靠替代落地的""八大典型模式""和""六大关键技术""，运用合作组织自主研发的全球模型及数据库，展示出基于新能源可靠替代的未来能源图景。 据了解，作为中国发起成立的首个能源领域国际组织，合作组织成立以来连续多次参加联合国气候变化大会，举办主题活动，发布研究成果，推动全球能源互联网写入政府间气候变化专门委员会（IPCC）第六次评估报告，积极为全球能源、气候、环境协同治理贡献力量、发挥作用。cop29期间，合作组织还将与联合国气变公约秘书处联合举办促进全球能源转型和全球气候行动的新型电力系统能力建设活动，邀请业内专家学者共同探索最新技术，讨论政策框架，为清洁能源开发利用提供新的解决方案。"
"""节能降碳 中国行动""主题边会在COP29中国角成功举办",https://cn.chinadaily.com.cn/a/202411/16/WS6738343ba310b59111da3c24.html,(中国日报网) 2024-11-16 13:52,"中国日报11月16日电 阿塞拜疆当地时间11月15日下午，""节能降碳 中国行动""主题边会在《联合国气候变化框架公约》第29次缔约方大会（COP29）中国角成功举办。 国家发展改革委环资司副司长文华作主旨发言，介绍了中国绿色低碳发展取得的显著成效。他指出，中国构建了全球最系统完备的碳减排政策体系，能源转型成效明显，风电、太阳能发电总装机规模提前6年多实现向国际承诺的目标；产业结构优化升级，建成全球最大、最完整的新能源产业链；建筑和交通绿色转型步伐加快，城镇新建建筑中绿色建筑面积占比超过90%，2024年新能源汽车年产量已突破1000万辆；资源利用效率不断提升，过去十年主要资源产出率提高约60%。国家发展改革委国际司副司长郭锐介绍了应对气候变化和可持续产业国际合作相关进展情况，强调中国在积极推动自身绿色转型的同时，始终秉持开放合作的态度，依托金砖、APEC、G20等多边平台，与各国共同推动应对气候变化和经济发展，在2023年金砖国家领导人峰会上，中方发起了""金砖国家可持续产业交流合作机制""，得到金砖国家的大力支持和积极响应。生态环境部应对气候变化司副司长逯世泽介绍了中国能源转型、节能提效、碳排放市场交易、参与全球气候治理等的成效，表示将与各方广泛开展气候变化国际合作。 国家发展改革委能源研究所所长吕文斌介绍了近年来中国在推动能源低碳转型方面的举措和成效。中国钢铁工业协会副会长唐祖君介绍了中国钢铁行业开展""极致能效""行动推动节能降碳的有关做法与成效。来自国际电工委员会、能源基金会（中国）、北京节能环保中心、国家电网公司、中国博奇环保公司等机构和企业的代表围绕节能与能效提升国际合作进行了对话交流；来自中国循环经济协会、中国节能环保集团、格林美股份公司、新开发银行、巴西书赞桉诺纸浆公司的代表围绕绿色转型与可持续产业合作进行了专题研讨。 本场边会由国家发展改革委国家节能中心主办、国际合作中心协办。现场发放了《新时代的中国绿色发展》《中国的能源转型》《携手构建人类命运共同体：中国的倡议与行动》等资料。来自中外相关机构、社会组织和企业界代表100余人参加了会议。"
全球气候治理与国际合作主题边会在巴库成功举办,https://cn.chinadaily.com.cn/a/202411/16/WS6738343aa310b59111da3c23.html,(中国日报网) 2024-11-16 13:51,"中国日报11月16日电 2024年11月15日，全球气候治理与国际合作主题边会在第二十九届联合国气候变化大会（COP29）中国角成功举办。本场边会由北京大学碳中和研究院主办，清华大学气候变化与可持续发展研究院、清华大学能源环境经济研究所、清华大学环境学院协办，耶鲁大学国际领导力中心提供战略支持。 经过COP28的全球盘点，世界各国及不同的利益相关方更迫切感受到强化国际合作应对气候挑战的重要性。边会围绕""全球气候治理与国际合作""主题进行全面交流，系统思考全球气候治理的变革可能，旨在激活各层次多元行为体的行动潜力、识别潜力议题和方向等，为实现碳中和提供更多可能。 与会嘉宾一致认为全球气候治理在三十余年间起伏跌宕，目前已塑造出多层次、多元行为体的治理结构，取得积极成效，在落实《巴黎协定》的关键时期，需积极推进全球气候治理与国际合作。 北京大学副校长、北京大学碳中和研究院院长、中国科学院朴世龙院士代表主办方致欢迎辞。朴世龙指出：""2015年巴黎协定达成以来，全球气候治理取得积极进展，但国际社会的减排行动与《巴黎协定》确定的温控目标之间存在巨大差距。本次联合国气候大会，正是推动和强化气候行动的重要时机，期待巴库气候大会能够在推动《巴黎协定》实施方面取得实实在在的进展。"" 朴世龙分享了北京大学在应对气候变化、推进碳中和方面开展的工作，包括将""碳中和核心科学与技术""列为学校层面布局的四大重点交叉学科平台之一、成立碳中和研究院，设立""碳中和系统科学与治理""交叉学科博士点、举办首届全球变化生态学前沿论坛、联合耶鲁北京中心推出""北大-耶鲁双场联动""、联合巴黎政治大学举办""北大-巴政气候周""等系列工作。 中国政府代表团团长、生态环境部赵英民副部长指出全球气候治理进程自1990年正式启动以来，在曲折中艰难前进，始终坚持《公约》和《巴黎协定》确定的基本方向，不断取得进展，赵部长强调应坚定不移地捍卫多边主义，反对单边主义，各国应采取务实行动，切实履行《巴黎协定》中所作的各项承诺，积极推进全球气候治理体制的建设，推动各国在现有基础上各尽所能，尽最大努力减缓气候变化，确保气候行动不倒退，有效发挥城市、企业和社会力量的作用，推动绿色低碳技术不断取得创新成果。 耶鲁大学国际领导力中心首席战略官雨果·本·戴维德（Yuval Ben-David）分享耶鲁大学国际领导力中心的使命是培养和支持创新、高效和适应性强的领导者，以应对全球严峻的挑战；倡导全球化，通过公平、信任和建立人与人之间交流打破成见、消除疑虑从而解决问题。雨果强调国际气候进程的成功并不取决于任何一个领导人或国家，每个公民、学者、企业和民间组织、城市和州，有义务且有责任互相鼓励，形成多方参与且韧性灵活的框架机制。致辞环节由北京大学碳中和研究院副院长、北京大学国际关系学院副院长、北京大学博雅特聘教授张海滨主持。 中国生态环境部气候变化司夏应显司长作主旨发言分享中国政府在应对气候变化和推进全球气候治理方面的工作进展。基于中国碳达峰、碳中和""1+N""政策体系，重点介绍减缓和适应领域开展的工作，包括能源绿色低碳转型、市场机制，甲烷等非二氧化碳温室气体排放控制、《国家适应气候变化战略2035》等；他指出联合国气候变化大会（COP29）巴库会议是承上启下的关键节点，中国呼吁各方发出多边进程不可逆转、国际合作不可或缺的积极信号。 美国前驻华环境科技卫生参赞沈岱波（Deborah Seligsohn）详细介绍了与清华合作开展的""新形势下中美气候合作""的最新研究进展。本研究针对中美过去气候合作的经验、当前的现状和未来的展望进行问卷设计，邀请超过百位参与过中美气候谈判的学者、政府官员、企业家等进行问卷调查，旨在为中美在新形势下的气候合作提出建议。 全国人大常委会委员，环资委委员，国家气候变化专家委员会副主任，中国科学院科技战略咨询研究院研究员王毅围绕加大合作促进全球气候行动合力作主旨发言。王毅强调，应打破单边主义，维护多边协议，走向合作共赢，要把雄心目标和务实行动结合起来，通过集合努力实现《巴黎协定》的目标。 英国外交部气候司戴比·帕米尔（Debby Palmer）司长强调对中英两国来说，全球气候治理不仅是个概念，还是必须推动切实行动的承诺。他分享了英国在国家自主贡献、新的年度气候融资目标（NCQG）方面进展，肯定了本次气候大会在全球碳市场机制方面取得的成效。戴比强调任何一个国家都不能单独行动以应对气候变化，强调中英两国间可以形成有效合作机制。英国在绿色金融、碳交易和基于自然解决方案方面具有丰富经验，中国在以前所未有的速度扩大清洁能源产业规划、在供应链和技术方面取得了巨大进步，两国经验互补，通过强化交流可以为应对气候挑战提供更多创新解决方案。 北京大学光华管理学院院长刘俏分享主题为""碳中和转型与中国经济增长"" 他强调实现双碳目标，应破除关于碳中和常见理解误区，如碳中和不只是技术问题、不只涉及重碳排放行业、除了生产端还有消费端、实现碳中和不会增加经济社会运行成本等。刘院长认为推动碳中和愿景下经济稳定增长，建立有效碳价形成机制、加大对处于碳生产网络节点位置行业的投资、改变居民消费和出行等行为方式是当务之急。 清华大学环境学院教授王灿分享《2024全球碳中和年度进展报告》的主要发现。该报告通过171个指标构成的""目标-政策-行动-成效""综合体系，系统梳理了各国在目标、技术、资金和国际合作领域的年度进展，并识别出实际行动与碳中和承诺需求之间执行差距以及各国面临的挑战与机遇，结合中国视角和理念，提出了加速全球气候治理、公正转型和可持续发展的政策建议，为2025年新一轮国家自主贡献目标提交及全球气候行动提供了""中国方案""和""中国智慧""。清华大学气候变化与可持续发展研究院全球气候治理研究主任胡彬主持主旨演讲。 北京大学碳中和研究院气候未来全球创新实验室主任王彬彬主持""碳中和系统科学与气候治理的未来""环节的嘉宾讨论，北京大学城市与环境学院讲席教授，中国科学院院士陶澍强调气候变化和空气污染相互作用会导致健康危害，需要更多深入研究。自然资源保护协会（NRDC）高级副总裁亚米德·德格尼克（Yamide Dagnet）与联合国可持续发展网络全球气候中心主任、雅典经济与商业大学经济学院教授菲比·匡多瑞（Phoebe Koundouri）分享了各自机构推进气候行动的策略，北京大学碳中和研究院副院长李歆分享了对碳中和学科建设的进展。北京大学城市环境学院助理教授王旭辉分享了关于碳中和科学的最新研究。 清华大学能源环境经济研究所副所长滕飞主持了""国家合作强化气候行动""环节的嘉宾讨论，来自中国国家气候中心主任巢清尘、英国气候变化委员会委员斯文佳·塞明斯基(Swenja Surminski)、中国21世纪议程管理中心全球环境处处长张贤、英国皇家国际事务研究所中英气候合作主任郭江汶、北京大学碳中和研究院、能源研究院副院长杨雷就中英气候合作的经验与未来领域展开深入交流，嘉宾们一致认为中英是气候变化合作的重要伙伴，并表示未来可在技术创新、气候风险等方面进一步深化合作。"
每日一词|国际零碳岛屿合作倡议 International Zero-Carbon Island Cooperation Initiative,https://cn.chinadaily.com.cn/a/202411/16/WS673827a2a310b59111da3bdf.html,(中国日报网) 2024-11-16 13:03,"2024年11月13日，习近平主席特别代表、中共中央政治局常委、国务院副总理丁薛祥在阿塞拜疆首都巴库出席由中方主办的“国际零碳岛屿合作倡议”发布会并致辞。 Chinese President Xi Jinping's Special Representative Ding Xuexiang, also a member of the Standing Committee of the Political Bureau of the Communist Party of China Central Committee and Chinese vice premier, attended and addressed the International Zero-Carbon Island Cooperation Initiative Launching Conference held by China in Baku, Azerbaijan, November 13, 2024. 【知识点】 当地时间2024年11月13日，第二十九届联合国气候变化大会（COP29）蓝区中国角，生态环境部和山东省政府联合举办“国际零碳岛屿合作倡议”发布会。会上发布了《国际零碳岛屿合作倡议》，呼吁各方共同为岛屿可持续发展和全球气候行动贡献力量。 近年来，中国同小岛屿国家共建低碳示范区，开发实施减缓和适应项目，成立中国—太平洋岛国应对气候变化合作中心，积极助力小岛屿国家应对气候变化和改善民生福祉。 丁薛祥指出，解决岛屿生存危机是全人类的共同责任。我们要携手提升岛屿适应气候变化能力，加强岛屿基础设施建设，强化防灾减灾领域科学研究和技术创新。推进岛屿绿色低碳转型发展，因地制宜建设清洁能源体系，发展绿色产业，保护海岛资源，维护海洋生态。加强岛屿应对气候变化国际合作，探讨建立“国际零碳岛屿合作组织”，促进资源共享、技术交流和经验互鉴，帮助小岛屿国家更好应对气候变化挑战。中方愿同各方密切合作，共同推动零碳岛屿目标早日实现，建设绿色之岛、美丽之岛、安全之岛、幸福之岛。 《国际零碳岛屿合作倡议》提出，一是增强气候韧性。加强岛屿应对灾害的基础设施和能力建设，落实联合国全民早期预警倡议，推动紧急救援物资互助共享，减轻气候变化带来的损失和损害。二是探索零碳路径。建设清洁能源体系，推广绿色建筑、绿色交通、绿色社区，促进现代海洋渔业、现代农业、低碳旅游等低碳产业发展。三是保护生态资源。加强岛屿资源的保护、开发、利用、研究和管理，建设水资源综合利用项目，开展海岸带保护与修复。四是加强合作交流。探索成立国际零碳岛屿合作组织，争取更多岛屿利益相关方加入合作组织，促进各方信息共享、技术交流和经验互鉴。增强岛屿间学术互动和文化互通，强化岛屿气候行动的国际合作。 【重要讲话】 应对气候变化挑战、向绿色低碳发展转型，必须本着共同但有区别的责任原则，在资金、技术、能力建设等方面为发展中国家提供支持，积极开展绿色金融合作。 In tackling climate change and transitioning toward green and low-carbon development, the principle of common but differentiated responsibilities must be upheld. It is also important to provide funding, technology and capacity-building support for developing countries and promote cooperation on green finance. ——2022年11月15日，习近平在二十国集团领导人第十七次峰会第一阶段会议上的重要讲话 【相关词汇】 气候适应型社会 climate-resilient society 联合国气候变化框架公约 United Nations Framework Convention on Climate Change 中国日报网英语点津工作室（本文于“学习强国”学习平台首发）"
每日一词 | 国际零碳岛屿合作倡议 International Zero-Carbon Island Cooperation Initiative,https://language.chinadaily.com.cn/a/202411/16/WS673827a0a310f1265a1cdc19.html,(中国日报网) 2024-11-16 13:03,"2024年11月13日，习近平主席特别代表、中共中央政治局常委、国务院副总理丁薛祥在阿塞拜疆首都巴库出席由中方主办的“国际零碳岛屿合作倡议”发布会并致辞。 Chinese President Xi Jinping's Special Representative Ding Xuexiang, also a member of the Standing Committee of the Political Bureau of the Communist Party of China Central Committee and Chinese vice premier, attended and addressed the International Zero-Carbon Island Cooperation Initiative Launching Conference held by China in Baku, Azerbaijan, November 13, 2024. 【知识点】 当地时间2024年11月13日，第二十九届联合国气候变化大会（COP29）蓝区中国角，生态环境部和山东省政府联合举办“国际零碳岛屿合作倡议”发布会。会上发布了《国际零碳岛屿合作倡议》，呼吁各方共同为岛屿可持续发展和全球气候行动贡献力量。 近年来，中国同小岛屿国家共建低碳示范区，开发实施减缓和适应项目，成立中国—太平洋岛国应对气候变化合作中心，积极助力小岛屿国家应对气候变化和改善民生福祉。 丁薛祥指出，解决岛屿生存危机是全人类的共同责任。我们要携手提升岛屿适应气候变化能力，加强岛屿基础设施建设，强化防灾减灾领域科学研究和技术创新。推进岛屿绿色低碳转型发展，因地制宜建设清洁能源体系，发展绿色产业，保护海岛资源，维护海洋生态。加强岛屿应对气候变化国际合作，探讨建立“国际零碳岛屿合作组织”，促进资源共享、技术交流和经验互鉴，帮助小岛屿国家更好应对气候变化挑战。中方愿同各方密切合作，共同推动零碳岛屿目标早日实现，建设绿色之岛、美丽之岛、安全之岛、幸福之岛。 《国际零碳岛屿合作倡议》提出，一是增强气候韧性。加强岛屿应对灾害的基础设施和能力建设，落实联合国全民早期预警倡议，推动紧急救援物资互助共享，减轻气候变化带来的损失和损害。二是探索零碳路径。建设清洁能源体系，推广绿色建筑、绿色交通、绿色社区，促进现代海洋渔业、现代农业、低碳旅游等低碳产业发展。三是保护生态资源。加强岛屿资源的保护、开发、利用、研究和管理，建设水资源综合利用项目，开展海岸带保护与修复。四是加强合作交流。探索成立国际零碳岛屿合作组织，争取更多岛屿利益相关方加入合作组织，促进各方信息共享、技术交流和经验互鉴。增强岛屿间学术互动和文化互通，强化岛屿气候行动的国际合作。 【重要讲话】 应对气候变化挑战、向绿色低碳发展转型，必须本着共同但有区别的责任原则，在资金、技术、能力建设等方面为发展中国家提供支持，积极开展绿色金融合作。 In tackling climate change and transitioning toward green and low-carbon development, the principle of common but differentiated responsibilities must be upheld. It is also important to provide funding, technology and capacity-building support for developing countries and promote cooperation on green finance. ——2022年11月15日，习近平在二十国集团领导人第十七次峰会第一阶段会议上的重要讲话 【相关词汇】 气候适应型社会 climate-resilient society 联合国气候变化框架公约 United Nations Framework Convention on Climate Change 中国日报网英语点津工作室（本文于“学习强国”学习平台首发）"
“协同推进减污降碳 促进产业低碳转型”主题边会于COP29中国角成功举办,https://caijing.chinadaily.com.cn/a/202411/16/WS67382899a310b59111da3be6.html,(东方网) 2024-11-16 12:02,当地时间2024年11月11日，备受全球关注的《联合国气候变化框架公约》（以下简称《公约》）第二十九次缔约方大会（COP29）在阿塞拜疆首都巴库正式拉开帷幕，旨在推动全球各国共同应对气候变化，实现将升温控制在1.5摄氏度以下的《巴黎协定》目标。 作为世界上最大的发展中国家，中国主动承担应对气候变化国际责任、同世界各国一道合作应对气候变化，为全球环境治理贡献力量。11月12日，由生态环境部统筹、中国环境科学研究院牵头，中国工业经济联合会联合举办的“协同推进减污降碳，促进产业低碳转型”主题中国角边会顺利召开。会上，生态环境部应对气候变化司司长夏应显、中国环境科学研究院副院长席北斗、中国工业经济联合会党委书记、执行副会长兼秘书长熊梦进行了致辞。 应对气候变化司司长在致辞中表示，气候变化已成为全人类面临的最严峻挑战之一，产业绿色低碳发展是有效应对全球气候变化的重要途经。全面推进低碳能源对产业绿色发展的核心支撑，系统提升减污降碳对产业转型升级的规范引领，是中国经济发展模式实现绿色低碳转型的核心路径，更是中国参与和引领全球应对气候变化的重要举措。中国愿携手世界各国，共同推进全球经济的绿色低碳高质量发展。 席北斗指出，科技创新是推进减污降碳协同增效、支撑美丽中国建设、实现双碳战略的核心抓手。作为生态环境领域的国家科研力量，中国环境科学研究院立足应对气候变化基础性、战略性、前沿性的科技需求，围绕产业绿色低碳转型的技术需求，系统开展了应对气候变化基础科研及实验室能力建设、政策标准研究及管理支撑、技术创新及产业应用，积极推进国家碳足迹因子库建设及绿色低碳产业的国际接轨，为减污降碳协同增效支撑产业绿色低碳转型提供科技支撑。 图：中国环境科学研究院副院长席北斗致辞 熊梦指出，近年来，中国工业行业积极推进能源绿色低碳转型，在风电、光伏、新能源汽车、动力电池、氢能等新技术、新产品的开发应用方面加大投资与研发力度，有效提升了能源利用效率和温室气体排放的管控能力。中国工业经济联合会积极推进新型工业化的进程，促进工业的科技创新与绿色低碳转型升级;与政府部门共同推动产业链供应链的绿色低碳合作;加强同世界各国及地区的工商协会交流与合作，在高质量共建“一带一路”中助力产业绿色合作。 图：中国工业经济联合会党委书记、执行副会长兼秘书长熊梦致辞 在主题演讲环节，中国环境科学研究院总工张孟衡，中国山西省生态环境厅厅长王帅红，气候探索者组织、自然碳资本主席、联合创始人Dr. Paul Jefferiss等专家进行了主题演讲。 图：中国环境科学研究院总工张孟衡进行“中国减污降碳协同的探索创新”主题演讲 图：中国山西省生态环境厅厅长王帅红“减污降碳协同推动山西高质量发展—中国能源省份的绿色低碳转型实践”主题演讲 图：气候探索者组织、自然碳资本主席、联合创始人Dr. Paul Jefferiss进行“能源绿色转型与产业创新 加速全球减污降碳进程”主题演讲 在成果发布环节，中国环境科学研究院减污降碳协同创新中心副主任李艳萍发布了《2024减污降碳协同增效案例及系列报告》，中国工业经济联合会碳达峰碳中和促进中心主任王晓光发布了《中国企业绿色转型实践报告2024》。 图：中国环境科学研究院减污降碳协同创新中心副主任李艳萍发布了《2024年减污降碳协同增效基础科研和管理支撑系列成果》 图：中国工业经济联合会碳达峰碳中和促进中心主任王晓光发布《中国企业绿色转型实践报告2024》 在战略签约仪式环节，由减污降碳协同增效赋能计划发起人之一、阳光媒体集团董事长杨澜发布“减污降碳协同增效赋能计划”倡议书，参与签约的企业有中研绿色金融研究院、统一石油化工有限公司、通威集团、北京世联可持续教育科技院。 图：减污降碳协同增效赋能计划发起人之一、阳光媒体集团董事长杨澜发布“减污降碳协同增效赋能计划”倡议书 在圆桌论坛环节，主题为“减污降碳协同治理创新挑战与发展方向”，由中国环境科学研究院总工程师张孟衡主持，参与论坛发言的专家有中国农业大学马克思主义学院副院长、教授王琳；北京世联可持续教育科技院执行院长柳云虎，中研绿色金融研究院院长顾蔚，统一石油化工有限公司市场部总监吴琦；通威集团可持续发展部总监朱子涵。 图：“减污降碳协同治理创新挑战与发展方向”主题圆桌论坛 边会通过向国际社会展示中国积极参与全球气候和环境治理的最新进展，促进我国与其他国家在碳减排、减污降碳协同控制等领域的交流，进一步分享中国实践和中国经验，强化我国积极应对气候变化的国际传播。
【COP29现场发布会】讲述零碳中国故事，践行零碳发展之路,https://cnews.chinadaily.com.cn/a/202411/15/WS67370b9ba310b59111da3a80.html,(东方资讯) 2024-11-15 16:02,2024年11月13日，在联合国气候变化框架公约第二十九次缔约方大会（COP29）期间，中国投资协会能源投资专委会（简称“能投委”）在联合国气候大会新闻发布厅发布了《零碳中国故事》画册，向全球展示了中国在应对气候变化、推动零碳愿景方面的积极努力和显著成就。发布会由能投委常务副秘书长姜艺主持。 《零碳中国故事》是一本综合性画册，集实践案例、专家寄语与少年绘画于一体，记录了中国在可再生能源领域的新成果，分享了绿色发展的先进经验，体现了中国作为一个负责任大国的国际担当。该书旨在让世界更加了解中国在实现绿色可持续发展方面的努力和愿景。 在发布会上，能投委副会长兼秘书长张杰先生强调了中国在全球气候变化议题上的重要角色和积极贡献，并表示《零碳中国故事》是中国对全球气候变化挑战的回应，是中国绿色发展成就的展示，更是对未来零碳生活的期待和承诺。清华大学建筑学院魏庆芃教授分享了他指导的“零碳社区”和“零碳产业园区”的实践故事。中山大学地球环境与地球资源研究中心首席科学家周永章先生介绍了他支持建设的“零碳乡村”、“零碳岛屿”和“零碳城镇”的案例。无锡市太湖碳普惠绿色发展中心主任刘泽峰先生分享了无锡市构建碳普惠体系绿色循环机制的零碳故事，展示了如何通过市场化机制调动全社会参与低碳减排的积极性。 姜艺副秘书长还介绍了画册由“零碳中国·实践案例”、“零碳中国·专家寄语”、“零碳中国·少年绘画”三部分内容组成，收录了来自不同行业、不同年龄人群的零碳故事，展现了他们在应对气候变化中所做的努力和贡献，分享了中国智慧和经验。其中“零碳中国·专家寄语”部分收录了20位中国积极致力于应对气候变化的院士、专家、企业家对COP29的期望，表达了对中国乃至全球实现零碳目标的坚定信心和决心。 “零碳中国·少年绘画”部分聚焦中国青少年的声音，用青少年的理解和视角描绘出未来心中的零碳生活，展现了年轻一代对绿色未来的憧憬和期待。 此次《零碳中国故事》在COP29这一国际舞台上发布，不仅是对中国绿色发展成就的一次展示，更是对全球气候变化行动的一次有力推动。正如中国投资协会能源投资专委会会长孙耀唯先生所言：“有你、有他、有我，行动起来，走向碳中和，为世界画出一个美好未来！”
烟台市牵头发起《国际零碳岛屿合作倡议》,https://sd.chinadaily.com.cn/a/202411/14/WS6735f0aaa310b59111da37bb.html,(中国新闻网) 2024-11-14 20:39,当地时间11月11日至22日，《联合国气候变化框架公约》第29次缔约方大会(COP29)在阿塞拜疆首都巴库举办。“国际零碳岛屿合作倡议”发布会13日在大会中国角召开，烟台市代表32个发起单位发布《国际零碳岛屿合作倡议》。 烟台市委副书记、市长郑德雁代表32个国内外岛屿城市、国际组织、高校院所、金融机构和企业等发起单位，向世界发出《国际零碳岛屿合作倡议》，探索成立国际零碳岛屿合作组织，携手推进岛屿气候治理。 据悉，国际零碳岛屿合作组织将以岛屿应对气候变化与可持续发展为目标，推动会员间国际交流与合作，可增强岛屿应对灾害能力，保障岛屿能源安全，促进经济社会发展。 随着全球气温上升和气候极端事件频发，减少温室气体排放、改善生态环境成为当务之急。岛屿国家因特殊的地理位置和脆弱的生态环境，面临着更为严峻的气候挑战。 烟台市于2021年提出打造“长岛国际零碳岛”，目标是到2035年长岛全域实现净零排放，为全球应对气候变化和可持续发展提供借鉴。(完)
《中国能源转型展望2024》执行摘要在巴库气候大会上发布,https://cn.chinadaily.com.cn/a/202411/14/WS6735ea15a310b59111da37af.html,(新华网) 2024-11-14 20:15,当地时间13日，《中国能源转型展望2024》执行摘要（以下称《执行摘要》）在阿塞拜疆首都巴库举行的《联合国气候变化框架公约》第二十九次缔约方大会（COP29）上与国际公众见面。 《执行摘要》当天在一场聚焦中国能源转型与新能源发展的中国角边会活动上亮相。作为将于不久后正式发布的《中国能源转型展望2024》报告的主要结论部分，《执行摘要》指出，能源转型能为中国实现2060年前经济社会系统的碳中和作出决定性贡献。中国应从五个方面推进能源转型，探索加强国际合作，为全球能源转型贡献中国力量。 中国气候变化事务特使刘振民在活动上致辞说，主动适应气候变化、推动能源转型和绿色低碳发展，已经成为当前和今后一个时期全球的重要任务。中国向全世界庄严宣示“双碳”目标四年来，坚定地推动能源转型，已经取得了显著成效，也为全球应对气候变化和绿色转型作出了突出贡献，期待《中国能源转型展望2024》报告为能源低碳转型提出前瞻和创新的解决方案。 国际能源署署长法提赫·比罗尔表示，中国是全球清洁能源领域的领跑者，中国清洁能源产能快速增长，不仅有利于中国，也有利于世界。希望中国进一步加快科技创新和应用，在加速本国能源转型的同时，助力国际社会从中国的绿色发展中受益。 中国宏观经济研究院能源研究所能源效率中心主任白泉介绍，《执行摘要》梳理总结了近年来全球能源转型趋势，分析了中国能源生产和消费的转型前景，探讨了不同国际合作形势下，中国实现能源系统净零碳排放的路径和技术解决方案。 丹麦外交部发展政策司司长奥勒·通克表示，丹中两国在去年启动了“联合绿色工作计划”，将应对气候变化和促进能源转型作为双边合作的核心之一。《中国能源转型展望2024》是丹中两国密切合作的成果，旨在研究中国能源系统低碳转型路径和最佳发展方案，希望研究成果对丹中两国以及国际社会能源转型提供指引。
做好中国民间气候故事讲述者 万科公益基金会携成果亮相巴库,https://caijing.chinadaily.com.cn/a/202411/14/WS6735ae83a310b59111da36ff.html,(东方网) 2024-11-14 15:24,北京时间2024年11月11日，第二十九届联合国气候变化大会（全称《联合国气候变化框架公约》第二十九次缔约方大会）（简称“COP29”），在阿塞拜疆首都巴库拉开序幕。 大会开幕首日，由生态环境部宣传教育中心等单位主办的“公众参与助力美丽中国建设 ”边会活动在中国国家馆（China Pavilion）隆重举办，来自政府、研究机构、企业和社会组织等多家机构分享了在提升公众气候意识，弘扬生态文明理念方面所做的实践行动。 边会上，故宫博物院行政处杨丽红在题为“故宫绿色文化遗产保护与零废弃行动”的发言中介绍，自2020年，故宫博物院与万科公益基金会共同发起了“故宫零废弃”项目后，不仅通过优化垃圾分类管理、园林废弃物堆肥等措施减少了垃圾产生，成功推动了“零废弃办公”和“零废弃游览”，还通过举办各类活动，吸引了数千万国内外观众参与，形成了较为广泛的社会影响，促进了遗产保护与生态文明建设的有机融合。 故宫博物院社会教育部吕晓刚则阐述了“故宫零废弃”项目在社会参与方面的创新举措和广泛影响。他提到，通过“零废弃+甲骨文”、“零废弃+生物多样性”等创意活动举办，持续引导线上线下公众培养零废弃生活理念，将蕴涵古人“天人合一”智慧的环保课程、科普资源送入学校及千家万户。项目邀请各国大使、国外名校师生体验故宫零废弃主题导览，多管齐下推动绿色生态理念深入人心，共同建设“绿色家园”。 南京大学（溧水）生态环境研究院张雪华也在会上分享了他们与万科公益基金会共同发起的“社区厨余堆肥试点项目”。项目实践证明社区堆肥是一种基于自然、立足社区、低成本地应对气候变化的解决路径，为构建可持续和碳中和社区提供了宝贵的经验。 13日，由万科公益基金会主办的系列气候行动成果展也在将在会场的展区Exhibit Booth 10精彩开启。这场持续2天的展览，将通过多媒体沉浸式策展，图文并茂地展示珠峰雪豹栖息地的保护、故宫零废弃项目、碳中和社区建设、黑水虻处理厨余废弃物、社区居民的绿色行动等碳减排社区及零废弃主题相关气候项目成果，配以故宫回收塑料瓶、苹果皮等环保材质制成的文创品、珠峰雪豹明信片等实物，让世界看见中国民间可持续、多维度、有雄心的气候行动，吸引了多位来自全球不同国家的参会者的关注与热议。 作为长期深耕中国城市社区气候行动的公益组织，万科公益基金会致力于探索解决路径，提升公众对气候脆弱性的认知、推动减碳技术跨界创新、营造减缓与适应协同并进的社区样本。 COP29精彩仍在继续，以气候行动、食物、金融、城市化、能源、和平、科学、创新、数字化等为主题的一系列主题边会及最终谈判也将相继举行。 在此期间，万科公益基金会将继续扮演国际瞭望者的角色，在大会中国国家馆以及UN会议区，携手大道应对气候变化促进中心（C Team）、环境资助者网络（CEGA）等合作伙伴，参与和支持以《与世界对话，共建零碳未来生态》《赋能绿色价值链，贡献新质生产力 》等为主题的数字化日边会、企业日边会、UN边会，并发布《气候慈善影响力案例》及《中国企业气候行动优秀案例》等最新成果报告，期待通过更多社会组织和民间力量的共同努力，更多中国社区可持续建设经验，能够转化成推动世界气候行动的成果，一起拭目以待。
COP29可持续发展中的女性力量主题边会召开 青年女性共话气候变化气候责任,https://cn.chinadaily.com.cn/a/202411/14/WS6735aa2da310b59111da36dd.html,(鲁网) 2024-11-14 14:53,"2024年11月11日至11月22日,《联合国气候变化框架公约》第二十九次缔约方大会(以下简称“COP29”)在阿塞拜疆首都巴库召开。大会开幕日当天,“可持续发展中的女性力量”主题边会于大会蓝区中国角正式举办。 本次边会由生态环境部宣教中心、中华环保联合会联合主办。会议上共计来自国内外政府相关机构、非政府组织、企业的二十余家机构代表深入探讨了女性在气候行动中的重要作用以及由女性参与领导应对气候变化的实践经验。 本次边会对外发布了《性别平等共创低碳未来——企业赋能女性应对气候变化实践观察(2024)》,女性在农业、保护环境和自然资源管理等领域的独特知识和经验,特别是在地方一级,意味着将女性纳入气候行动和决策进程,不仅仅在法律和道义上是必须的,而且对采取有效和的气候行动至关重要。 边会还邀请了中国青年代表何超欣、虎姣佼上台,正式发布了《女性应对气候变化倡议》。张瑞英、居然等嘉宾还与苏门答腊大象基金会、喀麦隆环保组织负责人就动物保护、气候变化等议题进行了圆桌讨论,从女性角色出发,分享和讨论了涉及气候变化与乡村发展、气候转型、社区韧性、能源、大众传播、机构文化建设等等内容。"
发挥中国优势，推进国际绿色转型合作,https://cn.chinadaily.com.cn/a/202411/14/WS67355e52a310b59111da353c.html,(中国日报网) 2024-11-14 10:20,编者按：面对日益加剧的气候挑战，包括中国在内的全球各国都需要加快推进全方位的绿色转型。作为全球气候治理的积极参与者和倡导者，中国如何发挥自身优势，更好推进全球范围内的气候合作，已经成为中国政府和国内企业共同的挑战。为此，在《联合国气候变化框架公约》第二十九次缔约方大会（COP29）召开之际，我们采访了长期致力于中欧能源转型合作的博众智合能源转型中国区总裁涂建军，请他谈一谈对绿色转型的理解和建议。现将采访内容整理如下： 问：在绿色转型过程中，我国提出进一步加强国际合作，尤其是推动与包括周边国家在内的广大发展中国家的合作。作为长期致力于中欧能源合作的专业人士，您怎么看待目前的中外能源转型合作？ 涂：中国目前是全球第二大经济体，如果按照购买力平价来算，中国甚至已经超过美国成为全球最大的经济体。我们还是全球第一大能源消费国、世界第一制造大国、全球最大的温室气体排放国和最大的清洁能源市场。但是另一方面，如果从人均指标来讲，中国目前还没有成为一个真正意义上的发达国家。由于具备了以上特征，中国完全可以在发达国家和发展中国家之间起到一个桥梁和纽带的作用。无论是与发达国家阵营还是和发展中国家阵营，中国都可以在资金以及经验上进行一个更加平等和顺畅的交流。我在主持中国和东南亚国家之间的能源气候领域国际交流对话的过程中发现，东南亚地区有很多机构对中国在上述领域的经验和教训更为关注。 具体到中欧之间的合作，双方各自都有一些比较优势。欧盟在标准制定、立法以及清洁能源技术的研发等领域有非常大的优势。而中国尤其是近几年来不但成为全球最大的清洁能源制造大国，而且还是全球最大的清洁能源市场。所以中国在实现清洁能源技术规模经济这个领域有非常巨大的比较优势。包括在太阳能、风能、电池、电动车等诸多领域，中国都拥有非常大的比较优势和极高的全球市场份额。 当前，中欧双方在清洁能源贸易领域出现了一些摩擦。由于近年来温室气体排放不断攀升，气候危机以及由此带来的极端气候事件已经成为威胁全人类的一个巨大挑战。在以上大背景下，包括中欧在内的全球主要经济体需要共同克服负面干扰，求同存异，找出关键问题所在，以便推进政治可行而且互利共赢的国际合作，以便共同解决能源及气候领域的诸多挑战。全球能源转型的前景光明，商机巨大，未来蛋糕会越做越大。我相信，通过各方的积极努力一定可以找到一种合理的机制安排，实现中欧在清洁能源转型领域的利益共享。 博众智合除了推动中欧之间的合作，还会邀请日韩以及东南亚国家利益相关方参与能源气候领域的对话交流。展望未来，中国还需要更加积极主动地走出去，以创造出更多的国际交流合作的平台，更多地与包括周边国家在内的全球南方国家进行能源气候领域的实质性合作。 问：中欧合作可以带来互利共赢，但目前欧洲对中国的产品尤其是新能源产品也采取了一些限制措施。那么您认为中国的企业应该如何应对这种限制？ 涂：一方面，我觉得国内的有关企业要和政府部门以及行业协会做好沟通的工作。这样大家才能基于一个统一的立场与欧方进行相关的沟通协商。另外一方面，有比较优势的龙头企业要更多地想着如何出海。中国企业出海可以考虑以下两个方向：一是去欧洲国家进行投资设厂，这样企业的产品和服务就能够在相当程度上规避贸易摩擦的影响。 另外我个人认为还存在一个有巨大潜力的领域，就是中欧在第三方市场的合作。欧盟提出的“友岸外包”涉及北非、东南亚等区域，上述地区其实跟欧盟以及中国都有比较良好的政经关系。如果我们的企业在这些国家进行投资，一方面能保证本企业对欧盟的出口不会过多受到中欧贸易摩擦的干扰，另一方面也有助于欧盟增强自身的供应链韧性。 比如说中国企业去埃及发现当地有比较好的太阳能资源，可以投资光伏发电项目，但是由于当地市场的消纳空间有限，就会有企业想到通过太阳能发电来生产绿氢或者是绿氢的衍生物，包括绿氨、绿色甲醇等。这些产品如果运回中国其性价比并不高，而附近的欧盟正好提出要在2030年之前从周边国家进口1000万吨绿氢的规划，那么中国企业在埃及这类国家的绿氢项目其实应该优先考虑与欧洲企业进行合作开发。所以，未来中欧在第三方市场找到一种互利共赢的合作机制其实是非常重要的。 问：近几年随着国际形势的变化，欧洲在安全和发展战略上进行了一系列的战略调整。今年6月份欧洲议会选举也能看出来这种调整的趋势。传统绿色议题正让位于安全议题。绿党的民众支持率明显下降。您觉得这会对欧洲的绿色转型之路产生哪些影响？ 涂：2024年是一个超级大选年，全球有超过一半以上的人口要在今年进行各种形式的选举。今年6月的欧盟议会选举中一些政党的得票率的变化调整原因是复杂的，但这并不意味着欧盟的气候变化政策或绿色转型政策的改变。与其他地区尤其是美国相比，欧盟在包括2008年全球金融危机、新冠疫情以及俄乌冲突等历次重大危机后的表现都表明其主流群体对绿色清洁能源转型和全球气候变化的坚定态度。 另外，我个人多次到访欧洲，一个深切直观的感受就是欧盟的整个体制一直是在高效运转的，欧盟借助危机多次推动出台了一系列的能源和气候领域的法案。我认为选举带来的一些短期的小波动不会动摇欧盟长期坚守的清洁能源转型和气候议程的政治决心。 问：在经济社会全面绿色转型过程中必然会带来诸如就业岗位流失、生产成本上升、利润水平低等一系列负面影响。那么我们为什么要坚持进行转型呢？ 涂：中国是全球最大的清洁能源市场和最大清洁能源设备制造大国。根据国际可再生能源署的统计，2023年全球可再生能源领域的就业人数达1620万，其中有738.8万来自中国，所以说能源转型的过程虽然会淘汰一部分旧有的岗位，但也必然会创造出大量新的就业机会。我们既不要夸大替代效应对社会稳定的冲击，也要看到转型带来的新机遇。 我举一个简单的例子，2013年中国煤炭与洗选行业的从业人数高达611万，到现在虽然中国的煤炭的产量持续上升，但是相关就业人数已经降到不足260万人。在短短十年左右的时间内，整个行业的就业人数就被腰斩了。这一方面与新兴能源行业对煤炭行业的替代有关，另外一个重要的方面就是技术创新，包括机械化和自动化带来了劳动生产率大幅提高，机器完成了对人的替代。所以上述领域的就业下降是一个非常自然而且难以逆转的过程。 问：去年COP28取得了一系列的突破性成果，那么您认为在今年的COP29会上有哪些重点内容值得关注？对本年度的会议您有哪些期待？ 涂：去年的COP28会议取得了很多成果。我本人也在迪拜亲眼见证了全球宣布开启退出化石能源的进程。这是非常了不起的。另外迪拜会议提出到2030年把全球可再生能源装机提升到3倍的水平，这也让全球能源气候圈比较振奋。我个人认为在COP29上，化石能源如何退出、资金的来源与分配等议题会成为各方关注的焦点。 在今年的COP29上，博众智合首先会聚焦“青年与全球气候治理”的主题，我们希望推动更多的青年人参与到全球气候治理中来。现在全球能源转型以及气候变化领域之间面临诸多的挑战，仅仅凭借我们这一代人的努力暂时可能不能完全解决好，还需要寄希望于未来一代。另外一方面，年轻的一代人的思维更少受到一些传统的观念或者潜规则的影响，他们更有潜力在清洁能源转型和气候变化领域找到一些创新性的解决方案。所以我们对年轻人参与全球气候治理寄予厚望。 另外，博众智合在11月18日还会与合作伙伴在巴库联合举办一个主题为煤炭转型经验教训国际交流的COP29边会。在中国即将进入“十五五”这个承前启后的关键五年规划期之前，我们希望以上会议以及博众智合代表团在巴库参与的其他活动能够为中国2030年前碳达峰、2030年后进入碳中和期找准我们及合作伙伴未来需加大力度添砖加瓦的方向。
COP29中国角热议,https://cn.chinadaily.com.cn/a/202411/13/WS6734aa7da310b59111da349f.html,(中国新闻网) 2024-11-13 21:27,中新网 阿塞拜疆巴库11月13日电(记者 马学玲 陈天浩)“当前，气候变化已经成为无法忽视的全球性危机，影响着地球的每一个角落，是人类社会面临的最紧迫和最严峻的挑战之一。”中方相关负责人在12日发表的一份书面致辞中强调。 当地时间11月11日至22日，《联合国气候变化框架公约》第29次缔约方大会(COP29)在阿塞拜疆首都巴库举办，“全球经济、气候与贸易政策协同”边会12日在中国角举办。 图为活动现场。中新网 记者张楠 摄 中方相关负责人在致辞中表示，应对气候变化是全球公共议题，关系到全人类的未来与福祉。在这一紧迫的背景下，我们不能退缩，而应以坚定的决心和行动，推动全球气候治理向前迈进。 他进一步指出，不同国家在气候行动、产业发展和贸易政策上的优先级和利益诉求各不相同。我们需要通过对话与合作，增进互信， 共同寻找可行的解决方案。COP29不仅是一次重要的气候大会，更是我们合力推动绿色低碳发展合作的契机。 该边会包括三个专题环节——“应对气候变化背景下全球贸易政策创新与合作”“企业和地方实践助力全球低碳发展”“从传承到创新，携手构建全球绿色贸易新格局”。 图为第三代环保主义创始人兼首席执行官尼克·马贝。中新网 记者张楠 摄 第三代环保主义创始人兼首席执行官尼克·马贝(Nick Mabey)指出，世界需要一个开放的全球市场，将技术和资本转移到需要的地方，从而真正抵御气候冲击，并适应气候变化的世界。贸易系统实际上是气候系统的一部分，我们还需要考虑如何增强系统的韧性，以及如何有效地让资金和资本流动。此外，世界需要改革国际金融体系，确保拥有足够的资金，且它们能够流向所有国家，以增强各国的经济韧性。这样的资金流动将成为绿色经济的基础。 南非国际事务研究所气候和自然资源方案项目主任亚历克斯·本肯斯坦(Alex Benkenstein)介绍，“非洲矿业愿景”和其他政策框架已经明确了一个共同的目标，那就是向价值链上游移动，增加附加值。因此，非洲大陆注重缔结伙伴关系，希望通过合作引入资金和技术，来打破非洲发展的掣肘。未来，非洲将进一步整合区域电力联盟，以便地区各国相互交易和共享电力能源，同时进一步激励可再生能源方面的投资。 联合国粮食及农业组织气候变化、生物多样性和环境司高级自然资源官员因卡·卡迪扎诺娃(Inkar Kadyrzhanova)表示，中国茶产业正致力于实现低碳发展，成为应对气候变化、推动全球茶产业可持续转型的典范。中国通过与粮农组织合作，推动碳中和方法，增强茶叶价值链应对气候变化的韧性，同时实现碳吸收和减排，提升茶产业的可持续性。 图为联合国开发计划署技术专家安德森·奥维斯。中新网 记者张楠 摄 联合国开发计划署技术专家安德森·奥维斯(Anderson Alves)以“无废城市”为切口，详述了应对气候变化及加速绿色能源转型对国际贸易的影响。他进一步表示，推动新兴经济体和最不发达国家朝着“零废弃”的愿景发展，符合绿色化学、循环经济和废弃物层级原则，从而做到生产和消费可持续。奥维斯还建议通过与社区组织合作，增强消费者对绿色和可持续产品的了解，从而激发市场需求，并利用有效工具促进可持续消费。(完)
国网江西电力：“智·享节电”案例在联合国气候变化框架公约第二十九次 缔约方大会发布,https://cn.chinadaily.com.cn/a/202411/13/WS6721c8cba310b59111da0a88.html,(中国日报网) 2024-11-13 20:43,阿塞拜疆巴库时间11月12日13:30（北京时间当日17:30），由中华环保联合会主办的“促进公众气候行动的中国解决方案”联合国新闻发布会在联合国气候变化框架公约第二十九次缔约方大会（简称“COP29大会”）C区2号新闻发布厅举办。国网江西电力《居民“智·享节电”模式——点滴生活中的全民节电降碳行动》案例作为“来自中国的十项解决方案”之一参与发布。 据悉，联合国COP29大会于2024年11月11日至22日在阿塞拜疆首都巴库举办，旨在倡导各国减少温室气体排放，应对全球气候变化，共同推动人类可持续发展。作为在联合国官方新闻发布厅举办的主题发布之一，本次活动发布了《点燃绿色星火——引导公众参绿色行动的中国解决方案》中英文双语报告，收录了包含《国网江西省电力有限公司：居民“智·享节电”模式——点滴生活中的全民节电降碳行动》《蚂蚁森林：数字化助力公众参与，实现多重生态价值》《玩转闲鱼：绿色打卡，循环减碳》《滴滴：创新激励，构建公众绿色出行新生态》在内，来自中国企业应对气候变化的10项解决方案。 “智·享节电”作为国网江西电力精心打造的“全民节电行动”品牌，其核心在于“智”和“享”。“智”就是应用数智化节电技术、智能化节电产品、智慧化节电方案，为用户提供更加简约、便捷、高效的节电体验。“享”旨在引导全民逐步达成对节电意识的共识，节电行动的共为，节电生态的共治，最终实现节电成果的共享。“智·享节电”以微信小程序为互动平台，采用“微信邀约+电费红包”的居民荷网互动形式，已吸引超360万余户居民家庭报名参与，引导2100万户次居民家庭参与节电，累计节电1970万度，直接减少碳排放量1.9万吨，相当于一年种下80万颗树，发挥了节能降碳“大作用”。品牌聚合居民之力，让单户节约的微小电量聚沙成塔，形成了具有品牌影响力的全民节电模式。 国网江西电力将持续打造“智·享节电”特色品牌，不断扩大居民用户参与群体，提升“智·享节电”品牌享誉度，为社会绿色低碳转型贡献力量。 COP29大会“智·享节电”发布现场 大会代表向中方工作人员了解“智·享节电”
巴库气候大会就《巴黎协定》第六条取得关键进展,https://cn.chinadaily.com.cn/a/202411/13/WS67345a55a310b59111da33b2.html,(新华网) 2024-11-13 15:50,《联合国气候变化框架公约》（下称《公约》）第二十九次缔约方大会（COP29）首席谈判代表亚尔钦·拉菲耶夫12日宣布，《公约》缔约方已于11日打破多年围绕全球碳市场机制的争论僵局，在大会一大重要议题——《巴黎协定》第六条相关谈判上取得关键进展。 拉菲耶夫当天在新闻发布会上介绍说，上月在阿塞拜疆首都巴库召开了有关《巴黎协定》第六条第四款的监督机构会议，提出了国际碳信用项目如何运作的标准。11日，缔约方已就第六条第四款下的碳信用额度标准及其动态更新机制达成共识，这是完成《巴黎协定》第六条谈判的关键一步。 “这（《巴黎协定》第六条）将是一个改变规则的工具，有助于将资源流向发展中国家，并可帮助我们（通过促进跨境合作）在实施气候行动计划时每年节省2500亿美元成本。”拉菲耶夫说，“在经历多年僵局之后，在巴库，已经开始出现突破。” 《巴黎协定》第六条涉及全球碳市场机制，即碳排放较多的国家可通过向碳排放较少的国家购买减排项目的信用额度，也就是碳信用，来实现其气候目标，也为发展中国家减排项目注入资金。该机制提供了两种交易碳信用的方式：第一种方式允许两国自行制定双边碳交易协议的条款；第二种方式旨在创建一个由联合国监督管理的全球碳市场，也就是第六条第四款。 虽然《巴黎协定》第六条具有推动全球减排的潜力，但此前一直面临诸多矛盾。例如碳信用的分配机制不够透明，以及如何确保减排项目的实际效果、避免虚假减排，以及如何处理碳信用的跨国转移等，也一直是热议问题。 本次大会期间，各方仍将继续讨论第六条相关内容以达成一致。
华宝新能闪耀COP29 以绿色科技引领低碳发展新潮流,https://caijing.chinadaily.com.cn/a/202411/13/WS673464fba310b59111da33cb.html,(东方网) 2024-11-13 15:40,2024年，全球气候危机愈演愈烈，气候行动刻不容缓。 11月11日至22日，COP29联合国气候变化大会在阿塞拜疆首都巴库奥林匹克体育场举行，汇聚全球政府、企业和专家，共同探讨碳减排、能源转型和技术创新的多元化方案，致力于提供应对气候挑战的实际路径。 由联合国开发计划署可持续发展创新实验室(深圳龙华)携手深圳市国际交流合作基金会主办，深圳市龙华区国际合作中心、生物圈三号协办的“中国深圳日”边会活动在中国角开展。作为 “深圳绿色力量” 代表，华宝新能受邀出席本次边会，并在会上分享了其在绿色能源转型应用及生态协同方面的深耕探索，以“绿色能量”应对全球气候挑战，带来可借鉴、可持续的中国式“绿色方案”全新样板。 此外，本次“中国深圳日”边会也吸引了来自深圳各界的精英代表，为会议注入了多元化的思考与互动视角。深圳市龙华区委常委蓝涛，深圳市国际交流合作基金会秘书长李丹，深石集团董事长冯楠，绿联科技董事、总经理何梦新，海辰储能战略业务开发高级总监陈宏，华宝新能全球品牌公关负责人王雪佳等均出席会议，并在圆桌论坛上探讨绿色发展新路径。 在全球气候和生物多样性危机的交汇点上，生态保护早已不仅是修复与保育，更是推动可持续未来的关键。本次COP29大会上，华宝新能首次提出了将绿色能源与生态保护深度结合的全新路径，倡导在绿色技术中融入生态关怀，以实现双重增益。通过跨界合作与技术赋能，支持多样化的生态项目，为加速实现全球‘碳中和’提供兼具推广、应用价值的中国方案。 华宝新能代表王雪佳进一步阐述道，为加速绿色低碳转型，华宝新能将绿色环保理念贯穿于从生产到包装的全生命周期的管理。依托智能化、数字化工厂，华宝新能显著提升了生产效率和资源利用率，打造出高效、环保的绿色制造模式。截至上半年，华宝新能售出的太阳能板产品共计节约发电量约7.6亿度，减少碳排放高达75.8万吨。这些高效、低碳的清洁能源方案不仅为全球用户带来了便捷可靠的绿电体验，也进一步推动了绿色能源在家庭和户外场景中的普及，为全球向低碳生活的转型提供了强大助力。 “我们深知，推动绿色转型不仅是企业发展的机遇，更是一种不可推卸的责任。”王雪佳这样说道。 多年来，华宝新能与国内外权威NGO组织达成深度合作，在全球范围内积极履行绿色使命。通过为可可西里巡山工作提供绿色户外电源，华宝新能有效减少偏远地区对传统能源的依赖，助力可可西里自然生态的长效保护。此外，华宝新能积极响应中国绿化基金会等环保组织的倡议，参与“百万森林计划”“携手万森，绿色同行”等公益活动，以实际行动支持全球环保事业。国际方面，华宝新能携手世界自然基金会（WWF），利用创新的绿色能源技术，保护濒危野生动物。 值得一提的是，华宝新能近期发布的SG企业标准，不仅为便携储能领域确立了更高的技术、质量和环保要求，也进一步巩固了其在绿色能源行业中的领先地位。该标准的推出，标志着华宝新能在推动绿色低碳转型的道路上又迈出了坚实一步，为全球绿色能源的普及和生态保护提供了强有力的技术支持。 绿色能源不仅关乎“碳减排”，更是社会、生态、经济等多个层面的深层变革。作为全球生态保护和可持续发展的重要推动者，华宝新能始终将绿色转型视为企业发展的核心动力，不断将绿色能源技术融入更多生活与生态场景。 放眼未来，绿色发展不仅是企业的标杆，更是驱动社会向公平、健康与可持续未来迈进的关键环节。通过实际行动和深度合作，华宝新能正以系统化的绿色能源解决方案，为实现生态保护与气候行动的共赢提供了新的可能。
"世界大学气候变化联盟2024年""气候变化协同""高级别活动成功气候变化联盟2024年""气候举办",https://cn.chinadaily.com.cn/a/202411/12/WS67333150a310b59111da313d.html,(中国日报网) 2024-11-12 18:33,"中国日报11月12日电 2024年11月11日，世界大学气候变化联盟（下称""联盟""）年度""气候变化协同""高级别活动于第二十九届联合国气候变化大会（COP29）蓝区中国角成功举办。作为联盟本年度""气候变化协同""系列行动的收官之作，该活动于COP29开幕当日，在全球气候治理的国际舞台上展现了其影响力。 中国气候变化事务特使刘振民、英国气候特别代表瑞秋·凯特（Rachel Kyte）、联合国青年事务助理秘书长费利佩·保利埃（Felipe Paullie）、联合国非国家实体净零承诺高级别专家组主席，加拿大前环境和基础建设部部长凯瑟琳·麦肯娜（Catherine McKenna）等海内外全球气候领袖出席了活动，见证了联盟成员高校学生代表及联盟""气候变化协同""领导力培训项目培养的青年在过去一年里，在气候行动和气候科研方面取得的成绩。 中国气候变化事务特使刘振民在致辞中肯定了联盟在推动高等教育机构积极参与全球气候治理方面取得的显著成就。""联盟与社会各界携手合作，为年轻人提供个人成长和发挥创造力的环境。""他同时表示，希望在座的青年一代能够继续践行低碳行动，展现领导力，影响和带动更多同辈青年加入到这项事业中来。 瑞秋·凯特表示""我很高兴看到联盟发起的'气候变化协同'系列行动促进了来自英国、中国以及全球的学生与学者之间的交流合作。联盟在确保青年气候行动的声音在各级决策中得到倾听方面发挥了至关重要的作用。"" 费利佩·保利埃在致辞中介绍了联合国在动员青年气候领导力上的工作，并表示'气候变化协同'系列行动是一个具有重要意义的项目，提高了公众对气候变化与所有可持续发展目标（SDGs）之间协同效应的认识。 ""目前，气候变化带来的影响在全球愈演愈烈，""凯瑟琳·麦肯娜在致辞中指出。""气候变化全球治理的前路充满挑战。但我相信，解决方案在我们手中，在包括政府、学术机构，以及下一代的携手合作中。"" 联盟秘书长，清华大学气候变化与可持续发展研究院院长李政主持开幕致辞环节。 ""我很自豪地看到，从联盟连续三年开展的培训项目中走出的青年学子如今走向多种工作岗位，利用自己的专业知识和国际视野为双碳目标的实现添砖加瓦。""李政表示，""我对联盟成员高校以及全球合作伙伴在和我们携手托举下一代青年走上碳中和历史舞台上给予的支持表示由衷的感谢。我也期待看到青年学子在COP29期间的精彩表现。"" 在联盟首席青年官何超欣的主持下，在场高级别嘉宾为""气候变化协同""领导力培训项目及世界大学气候变化联盟青年大使颁发证书。 作为年度""气候变化协同""系列行动的开山之作，本年度的'气候变化协同'领导力培训项目招收了来自全球79个国家和地区、500余所高校的880名学生。经过为期一个月的在线主题授课及2个月的实践活动训练，这些来自不同文化背景的学生顺利完成了从气候变化学习者到气候变化领导者的转变。联盟2022年与全球100家机构携手发起全球青年气候周，经过两年的聚力，2024青年周共动员了100余场活动，20,000余人参与其中，全网点击量逾270,000。这其中，来自9所高校、10个国家的28名青年代表组成COP29联盟青年团，到阿塞拜疆COP29一线观摩气候变化全球治理的进程，展现青年领袖风采与行动力量。 颁奖环节后，联盟青年代表，来自清华大学的博士生Maximilian Arras主持了题为""气候x全球治理""的圆桌对话。世界自然基金会（瑞士）北京代表处能源转型高级经理唐伟珉、清华气候院全球治理研究主任胡彬与联盟青年大使清华大学学生杨皓婷、联合国大学学生Muhammad Afaq围绕主题分享了来自业界和科研界的洞察。 联盟COP27、COP28青年大使谢宗旭今年以青年导师的身份加入青年团，主持了主题为""气候变化x青年行动""的讨论，清华大学学生邓钰芊、牛津大学学生Flora Prideaux以及澳大利亚国立大学学生Sakura Takahashi结合各自在学校中的低碳行动，就青年如何进一步在气候行动中展示领导力进行了交流。 随着高级别活动的成功举办，联盟在COP29的系列精彩活动也拉开帷幕。今年，联盟将在COP29绿区举办联盟角（GAUC Pavilion），以期为联盟成员学校、青年代表和各界利益相关方提供一个交流共享气候行动的平台。此外，联盟今年还联合多个展馆发起""气候集章""活动（'Climate Q'）以吸引与会者前往，鼓励他们关注更广泛的议题，并积极参与到各国各地区展馆提供的多样化体验中。"
COP29：世界自然保护联盟联合蚂蚁森林呼吁保护“红色名录”濒危物种,https://cnews.chinadaily.com.cn/a/202411/12/WS67331d4da310b59111da30f7.html,(中国日报网) 2024-11-12 17:18,《联合国气候变化框架公约》第二十九次缔约方大会（COP29）11月11日在阿塞拜疆首都巴库开幕。在COP29的“中国角”(China Pavilion)，生态环境部宣教中心联合蚂蚁集团等单位举行了“公众参与助力美丽中国建设”主题边会。世界自然保护联盟(IUCN)联合支付宝蚂蚁森林，现场发布了“神奇物种红色名录特辑”，双方将共同设计多期手机上的互动活动，让亿万用户通过支付宝蚂蚁森林，了解从海洋到陆地多场景的动植物濒危状况、物种故事以及中外保护机构所作出的努力。 图注：世界自然保护联盟联合蚂蚁森林发布“神奇物种红色名录特辑” 世界自然保护联盟（IUCN）从1963年开始编制和维护的“濒危物种红色名录”，是全球范围内最具全面性、权威性的生物多样性名录，旨在向公众及决策者反映物种保护的迫切性，呼吁国际社会避免物种灭绝。公开资料显示，IUCN红色名录发布60年以来，已经收录了157190个物种，其中有44016个物种濒临灭绝。 图注：世界自然保护联盟红色名录濒危物种上线蚂蚁森林 据统计，自11月4日该红色名录的首期“海洋生态特辑”上线支付宝蚂蚁森林以来，不到一周的时间已吸引了超过1500万名参与者。“IUCN很荣幸与蚂蚁集团在这一特别倡议上进行合作，我们希望加强公众对濒危物种红色名录的认识和支持，使它能够继续作为‘地球生命的晴雨表’而发挥重要作用”，世界自然保护联盟总干事格蕾特尔·阿吉拉尔表示。 图注：蚂蚁集团资深副总裁、首席可持续发展官彭翼捷为COP29中国角活动致辞 “通过在蚂蚁森林上展示世界自然保护联盟红色名录中的濒危物种，我们为大家提供了一种引人入胜的方式，让公众了解这些物种并为保护它们付诸行动”，蚂蚁集团资深副总裁、首席可持续发展官彭翼捷表示，希望此次与IUCN的合作汇聚双方的优势和能力，进一步提升公众对可持续发展和生物多样性保护的意识与行动。 据介绍，蚂蚁森林自2016年上线支付宝，始终致力于通过数字创新推动可持续发展的相关倡议。目前，累计已有超过7亿用户参与蚂蚁森林的线上互动，蚂蚁集团8年来已协议捐资超过41.8亿元人民币，为支持生态修复保护累计种树超过5.48亿棵。
天宝电子代表:绿色产品是世界通用的语言《Green products is common language in the world》,https://caijing.chinadaily.com.cn/a/202411/12/WS67331deca310b59111da3106.html,(东方网) 2024-11-12 17:00,11月11日，备受全球瞩目的《联合国气候变化框架公约》第二十九次缔约方大会（COP29）在阿塞拜疆首都巴库隆重召开。此次大会汇聚了来自全球198个国家的政府官员、企业代表及环保领域的专家学者，共同商讨应对气候变化、推动全球绿色发展的策略与路径。 在会议召开之前，天宝电子（惠州）有限公司总裁杨冰冰女士接受了访问，在镜头前，杨冰冰女士铿锵有力地发出了清晰而深远的声音：“绿色产品是世界通用的语言。”这句话不仅是对当前全球环保浪潮的精辟概括，更是对未来可持续发展蓝图的一抹亮丽预告，预示着全球正共同迈向一个更加绿色、和谐与进步的未来。 会上，杨冰冰女士作为中国企业代表之一发表了题为“践行绿色，碳就未来”的演讲，向与会者分享了天宝电子在绿色电源领域的思考与行动，以及过去、现在和未来在减碳和绿色发展方面所做出的努力和取得的成果。 演讲中，杨冰冰女士强调了“践行绿色”与“碳就未来”的理念。她指出，“践行绿色”不仅是将环保理念转化为实际行动，通过日常生活中的点滴努力来共同维护地球的生态环境，更是天宝电子始终坚守的企业责任。而“碳就未来”则意味着通过减少碳排放、推动低碳技术和产业的发展，以及倡导低碳生活方式，共同塑造一个更加绿色、健康、可持续的未来。 （现场嘉宾认真倾听杨冰冰女士演讲） 在演讲的最后部分，杨冰冰女士表示，天宝电子将勇做碳减排和绿色发展道路上的探索者，通过不断探索和实践，推动产业向更加绿色、低碳的方向发展。相信在全体员工的共同努力下，在社会各界的支持和关注下，天宝电子一定能够在ESG领域取得更加优异的成效，为推动企业的可持续发展做出贡献。 （联合国训练研究所繁荣司长隈元美穗子关注天宝绿色产品及工业绿色转型的发展） （联合国训练研究所繁荣司长隈元美穗子与天宝代表团合影） 杨冰冰女士的演讲得到了与会者的高度评价和认可，联合国训练研究所繁荣司长隈元美穗子在杨冰冰女士演讲完成休息时间主动了解天宝绿色产品及工业绿色转型的发展。众多与会者也表示，天宝电子在绿色电源领域的思考和行动为全球应对气候变化挑战提供了宝贵的经验和启示。 （联合国气候变化大会倡议仪式） 会后，杨冰冰女士代表天宝电子参加了联合国气候变化大会倡议，倡导各国减少温室气体排放，应对全球气候变化，共同推动人类可持续发展。这是一个具有积极意义的重要举措，预示着天宝集团在未来能够继续发挥引领作用，为推动全球绿色行动和可持续发展做出更大的贡献。
阿塞拜疆观察人士：中国引领绿色技术发展 带来巨大机遇,https://cnapp.chinadaily.com.cn/a/202411/12/AP67340614a3102b24bcb3f6f7.html,(中国日报网) 2024-11-12 15:46,阿塞拜疆《巴库论坛报》主编谢穆尔·马马多夫近日在中国日报网撰文称，《联合国气候变化框架公约》第二十九次缔约方大会（COP29）于11月11日至22日在阿塞拜疆首都巴库举行，此次大会预计将进一步推动中阿在绿色能源领域的合作。 中国助力阿塞拜疆发展可再生能源 文章指出，阿塞拜疆致力于促进可持续发展和能源安全，正积极同该领域的全球引领者加强合作，而中国正是重要伙伴之一。中国拥有专业知识和技术，可以为阿塞拜疆雄心勃勃的可再生能源发展计划作出重大贡献。这类合作不仅促进了经济往来，而且有助于全球应对气候变化。 阿塞拜疆拥有发展绿色能源的巨大潜力，已同国外能源企业签署总计高达22吉瓦的风能和太阳能项目协议和谅解备忘录，有望促进绿色能源出口。不过，若要实现这些目标，阿塞拜疆需要中国这样的可靠伙伴。 英国《卫报》网站7月援引非政府机构全球能源监测组织的研究报告称，中国在可再生能源领域处于世界领先地位。中国可再生能源发电装机量是世界其他国家和地区总和的两倍。中国在建的大型公用事业规模太阳能发电项目装机容量为180吉瓦，风力发电装机容量为159吉瓦。从2023年3月到2024年3月，中国新增太阳能发电装机容量超过前三年的总和。 中国在太阳能和风能领域积累了丰富经验，有助于阿塞拜疆提升能源产能、建立现代能源体系、让能源市场实现多元化。中国企业也愿意同国际可再生能源署等组织合作，参与阿塞拜疆的绿色项目。 中国同阿塞拜疆深化合作意义重大 文章进一步表示，今年7月发布的《中华人民共和国和阿塞拜疆共和国关于建立战略伙伴关系的联合声明》进一步深化了中阿合作。这份联合声明开启了两国关系新篇章，而绿色转型成为重点合作领域之一。 目前看来，中国企业对阿塞拜疆的大型可再生能源项目十分感兴趣。双方正在探索绿色能源走廊建设、绿色能源出口、绿氢和绿氨储运等领域的合作。 阿塞拜疆计划未来几年将可再生能源在能源结构中的占比提升到30%到33%。而中国具有丰富的储能经验，仍在引领欧亚地区绿色技术发展进程。 文章最后强调，中国和阿塞拜疆的绿色能源合作项目不仅对两国具有重要意义，也将惠及整个地区。这些项目有助于创造就业岗位、促进经济发展、推动绿色低碳转型。正在阿塞拜疆举行的COP29将推动落实绿色能源领域的重大项目，进一步深化中阿之间的合作。 （编辑：严玉洁 王辉 周凤梅）
阿塞拜疆观察人士：中国引领绿色技术发展 带来巨大机遇,https://china.chinadaily.com.cn/a/202411/12/WS673307c4a310b59111da3019.html,(中国日报网) 2024-11-12 15:46,阿塞拜疆《巴库论坛报》主编谢穆尔·马马多夫近日在中国日报网撰文称，《联合国气候变化框架公约》第二十九次缔约方大会（COP29）于11月11日至22日在阿塞拜疆首都巴库举行，此次大会预计将进一步推动中阿在绿色能源领域的合作。 中国助力阿塞拜疆发展可再生能源 文章指出，阿塞拜疆致力于促进可持续发展和能源安全，正积极同该领域的全球引领者加强合作，而中国正是重要伙伴之一。中国拥有专业知识和技术，可以为阿塞拜疆雄心勃勃的可再生能源发展计划作出重大贡献。这类合作不仅促进了经济往来，而且有助于全球应对气候变化。 阿塞拜疆拥有发展绿色能源的巨大潜力，已同国外能源企业签署总计高达22吉瓦的风能和太阳能项目协议和谅解备忘录，有望促进绿色能源出口。不过，若要实现这些目标，阿塞拜疆需要中国这样的可靠伙伴。 英国《卫报》网站7月援引非政府机构全球能源监测组织的研究报告称，中国在可再生能源领域处于世界领先地位。中国可再生能源发电装机量是世界其他国家和地区总和的两倍。中国在建的大型公用事业规模太阳能发电项目装机容量为180吉瓦，风力发电装机容量为159吉瓦。从2023年3月到2024年3月，中国新增太阳能发电装机容量超过前三年的总和。 中国在太阳能和风能领域积累了丰富经验，有助于阿塞拜疆提升能源产能、建立现代能源体系、让能源市场实现多元化。中国企业也愿意同国际可再生能源署等组织合作，参与阿塞拜疆的绿色项目。 中国同阿塞拜疆深化合作意义重大 文章进一步表示，今年7月发布的《中华人民共和国和阿塞拜疆共和国关于建立战略伙伴关系的联合声明》进一步深化了中阿合作。这份联合声明开启了两国关系新篇章，而绿色转型成为重点合作领域之一。 目前看来，中国企业对阿塞拜疆的大型可再生能源项目十分感兴趣。双方正在探索绿色能源走廊建设、绿色能源出口、绿氢和绿氨储运等领域的合作。 阿塞拜疆计划未来几年将可再生能源在能源结构中的占比提升到30%到33%。而中国具有丰富的储能经验，仍在引领欧亚地区绿色技术发展进程。 文章最后强调，中国和阿塞拜疆的绿色能源合作项目不仅对两国具有重要意义，也将惠及整个地区。这些项目有助于创造就业岗位、促进经济发展、推动绿色低碳转型。正在阿塞拜疆举行的COP29将推动落实绿色能源领域的重大项目，进一步深化中阿之间的合作。 （编辑：严玉洁 王辉 周凤梅）
以创新之力推动绿色变革，华宝新能即将亮相COP29,https://caijing.chinadaily.com.cn/a/202411/12/WS6732ecf4a310b59111da2f68.html,(东方网) 2024-11-12 10:54,2024年11月11日至22日，第29届联合国气候变化大会（COP29）将在阿塞拜疆首都巴库的奥林匹克体育场隆重召开。 作为中国绿色能源企业杰出代表，华宝新能受邀出席本次COP29，并将亮相于“中国深圳日”边会，分享其在绿色能源领域的前瞻性探索和可持续发展理念，为全球低碳转型提供创新性“中国方案”样板；与各方共同探索绿色发展创新模式，为未来全球低碳发展贡献力量。 作为COP29的重要环节，“中国深圳日”边会将从多个维度展示深圳的绿色发展创新路径，尤其聚焦于科技驱动和政策引导如何助力超大型城市探索可持续发展的新模式。 在城市高速发展的同时，深圳依托创新政策和产业支持，逐步构建以碳中和为核心的低碳产业体系，激发出了一批以华宝新能为代表的绿色创新企业，使其成为绿色转型的中坚力量。华宝新能作为深圳绿色创新生态的一部分，将借此机会在边会上分享其推动全球低碳转型的独特“企业视角”。 在华宝新能的绿色实践中，产品创新和可持续发展战略始终是其核心驱动力。面向全球清洁能源需求，华宝新能推出的光充户外电源、美学曲面光伏瓦和DIY小型家庭绿电系统等系列绿色能源产品，在全球范围内得到了广泛认可，截至上半年，华宝新能已售出太阳能板产品共计节约发电量7.6亿度，碳减排75.8万吨。这些高效、低碳的清洁能源解决方案，不仅提供了便捷可靠的绿色用电方式，还在家庭和户外场景中推动了绿色能源的普及，助力全球迈向低碳生活。 此外，华宝新能已与世界自然基金会（WWF）、中国绿化基金会、可可西里生态保护协会等全球权威NGO组织深度合作，支持生态保护，以实际行动践行可持续发展理念。 华宝新能的实践探索生动诠释了中国绿色力量在全球气候行动中的作用，既展示了创新驱动的技术进步，也体现了责任驱动的生态担当。去年，华宝新能作为COP28的参与者，向全世界展现了其在绿色能源领域的创新成果及前沿理念，为可持续发展带来了新的思考。今年，华宝新能将继续在COP29的舞台上分享绿色实践的探索，期待能为世界带来更多绿色转型的思路与行动力，助力全球气候治理迈向更切实的方向。
中国在行动——绿色发展新篇章,https://cn.chinadaily.com.cn/a/202411/12/WS6732be01a310b59111da2e94.html,(中国日报中国观察智库) 2024-11-12 10:29,《联合国气候变化框架公约》第二十九次缔约方大会（COP29）11月11日在阿塞拜疆巴库开幕。本届大会被誉为“气候融资大会”，将规划2025年后的全球气候资金目标。 在全球气候治理面临多重挑战的背景下，COP29被国际社会，特别是发展中国家寄予厚望。中方提出，本次大会应该是一届改善履约环境、提升全球落实能力的大会。 中国一直都是全球气候环境治理的积极参与者和贡献者。作为全球最早签署和批准《联合国气候变化框架公约》《生物多样性公约》的缔约方之一，中国积极开展气候变化、生物多样性、野生动植物、荒漠化防治等领域的国际合作。如今，中国已经站在全球气候环境治理的舞台中央，成为世界绿色转型发展的引领者。 《中国在行动：全球视野下中国低碳绿色发展新征程》一书记录了中国在低碳绿色发展方面的坚定步伐，汇集了中外专家就中国如何取得可持续发展和经济发展平衡、各产业减排转型的探索，以及在绿色创新技术的国际合作等多个关键议题展开讨论。中国在能源结构上，大力发展风能、太阳能等清洁能源，减少对化石能源的依赖；在工业领域，推动绿色制造和循环经济；在城市建设中，实施绿色建筑标准；在交通领域，推广新能源汽车。 中国积极参与国际合作，通过“一带一路”倡议等多边和双边合作机制，与世界各国共享绿色发展经验，共同应对气候变化挑战。中国的低碳行动不仅有助于实现自身的绿色发展目标，也为全球生态环境保护和可持续发展作出了重要贡献。 《中国在行动》一书由中国日报社中国观察智库和广东人民出版社联合出版，详细记录了中国在实现“双碳”目标道路上的探索和实践。书中的案例和讨论为公众了解中国绿色发展道路提供了窗口，也为全球读者提供了借鉴中国经验、推动绿色发展的参考。让我们期待中国在低碳发展道路上取得更多成就，为建设一个清洁、美丽、繁荣的世界作出新的更大贡献。
经济发展和能源转型需要国际合作,https://cnapp.chinadaily.com.cn/a/202411/12/AP6732fd6aa3102b24bcb3f6d9.html,(中国日报中国观察智库) 2024-11-12 10:28,"导读 第29届联合国气候变化大会 (COP29) 于11月11日在阿塞拜疆巴库召开。近年来，中国在碳减排和可再生能源开发利用方面取得显著进展，但仍面临煤炭依赖和能源安全的挑战。随着全球气候危机加剧，中国需要加大国际合作，克服可再生能源电力储存和传输难题，加速能源转型，在维持经济强劲发展的同时顺利完成碳达峰、碳中和目标，进而推动全球应对气候变化，为其他国家提供可学习的解决方案。 随着极端天气事件日益频发，很显然，各国对于加速减排的承诺远远不够。为了避免气候变化的最严重后果，我们必须以更宏伟的目标，加快全球行动。为了降低极端天气事件的发生频率和破坏力量，我们需要采取大胆和果断的行动。 虽然美国、欧洲和中东在历史上对气候危机的责任最大，但我们今天面临的挑战要求世界各国全力以赴地应对。作为一个经济大国，中国也责无旁贷。事实上，中国在未来十年采取的措施对我们这个星球未来的安全和稳定将发挥举足轻重的作用。 与许多其他国家相比，中国在减排问题上已经迈出了巨大步伐。其中值得注意的是，在2008年北京奥运会前夕，中国在治理空气污染方面进展显著，为未来的低碳发展奠定了基础。 过去十年来，中国出台了一系列新政策来应对气候危机，推动电气化，这不仅有助于减少排放，而且有益于提高人民的健康和生活水平。 一个历史上经济发展严重依赖煤炭的经济体，如何成功地向低碳能源转型？中国对此给出了答案，那就是快速扩大非化石能源发电规模。通过大力投资清洁能源基础设施，中国为其他面临类似能源转型问题的发展中国家展示了一条可行的道路。 尽管中国取得了快速进展，但要在短时间内完全淘汰煤炭，仍面临重大挑战。虽然中国正在努力减少煤炭的使用，但出于能源安全和电网运行稳定的考量，中国仍有在建燃煤发电站。这种对煤炭的依赖给中国向清洁能源的转型带来了挑战。 同样，虽然中国在可再生能源部署方面处于世界领先地位，但其可再生能源发电比重与其装机量相比不相匹配，储能能力不足是重要原因。这一问题在世界各地的能源转型过程中都曾发生，并且各国也有相应的应对经验。因此，在这一领域，国际合作可加速中国的能源转型。 根据气候危机咨询小组的最新报告，中国在发展清洁能源方面做出了突出努力；但不可否认，中国到2060年实现净零排放仍任重道远。在能源结构的低碳转型方面，我们相信中国将言必信、行必果，同样，在此过程中国际合作对中国来说至关重要。 这份报告使用了香港科技大学（广州）的数据和模型，研究了未来可能出现的一些情景，在每种情景下，中国的能源转型轨迹不同，实现《联合国气候变化框架公约》目标的可能性也不同。 最差的情景是，电力需求量保持高速增长，电力需求量超过中国电力企业联合会的预测，到2030年达到每年12太瓦时。在这种情景下，中国的碳排放峰值要到2035年后才能实现，这将使中国2060年前实现碳中和目标面临巨大压力。 在稍好一些的情景下，电力需求年增长率为3.07%，与中国电力企业联合会的预测一致。在这种情况下，中国的碳排放峰值预计仍将提前至2033年。 第三种情景则显示了强有力的国际伙伴关系可以取得的积极成果。在这种情况下，中国的年电力需求仍以5.69%的速度增长，但通过全球合作，解决可再生能源的发电储存和传输中的问题，实现2030年碳达峰目标。 研究表明，中国经济持续增长的同时提早实现碳达峰是有可能的。需要明确：中国在未来通往清洁能源的道路将充满挑战，但转型的潜在回报是显而易见的。没有哪个国家能够单独应对气候变化，但中国在减少使用煤炭方面取得的进展将对全球应对气候危机的进程产生重大影响。 立即开展在能源技术方面的国际合作是至关重要的，这些技术将帮助中国能源结构从煤炭转向可再生能源。中国在清洁能源转型方面的领先经验可以成为全球蓝本，为其他国家提供可效仿的解决方案。尽管能源转型的风险很高，但通过全球努力，其回报可能更高，足以影响全子孙后代的未来。 本文原文发表在中国日报国际版，原标题为 ""Join hands for net-zero emissions"" 出品：中国日报中国观察智库 责编：宋平 刘夏 编辑：张钊 实习生陆添玥亦有贡献"
经济发展和能源转型需要国际合作,https://cn.chinadaily.com.cn/a/202411/12/WS6732be6aa310b59111da2e95.html,(中国日报中国观察智库) 2024-11-12 10:28,"导读 第29届联合国气候变化大会 (COP29) 于11月11日在阿塞拜疆巴库召开。近年来，中国在碳减排和可再生能源开发利用方面取得显著进展，但仍面临煤炭依赖和能源安全的挑战。随着全球气候危机加剧，中国需要加大国际合作，克服可再生能源电力储存和传输难题，加速能源转型，在维持经济强劲发展的同时顺利完成碳达峰、碳中和目标，进而推动全球应对气候变化，为其他国家提供可学习的解决方案。 随着极端天气事件日益频发，很显然，各国对于加速减排的承诺远远不够。为了避免气候变化的最严重后果，我们必须以更宏伟的目标，加快全球行动。为了降低极端天气事件的发生频率和破坏力量，我们需要采取大胆和果断的行动。 虽然美国、欧洲和中东在历史上对气候危机的责任最大，但我们今天面临的挑战要求世界各国全力以赴地应对。作为一个经济大国，中国也责无旁贷。事实上，中国在未来十年采取的措施对我们这个星球未来的安全和稳定将发挥举足轻重的作用。 与许多其他国家相比，中国在减排问题上已经迈出了巨大步伐。其中值得注意的是，在2008年北京奥运会前夕，中国在治理空气污染方面进展显著，为未来的低碳发展奠定了基础。 过去十年来，中国出台了一系列新政策来应对气候危机，推动电气化，这不仅有助于减少排放，而且有益于提高人民的健康和生活水平。 一个历史上经济发展严重依赖煤炭的经济体，如何成功地向低碳能源转型？中国对此给出了答案，那就是快速扩大非化石能源发电规模。通过大力投资清洁能源基础设施，中国为其他面临类似能源转型问题的发展中国家展示了一条可行的道路。 尽管中国取得了快速进展，但要在短时间内完全淘汰煤炭，仍面临重大挑战。虽然中国正在努力减少煤炭的使用，但出于能源安全和电网运行稳定的考量，中国仍有在建燃煤发电站。这种对煤炭的依赖给中国向清洁能源的转型带来了挑战。 同样，虽然中国在可再生能源部署方面处于世界领先地位，但其可再生能源发电比重与其装机量相比不相匹配，储能能力不足是重要原因。这一问题在世界各地的能源转型过程中都曾发生，并且各国也有相应的应对经验。因此，在这一领域，国际合作可加速中国的能源转型。 根据气候危机咨询小组的最新报告，中国在发展清洁能源方面做出了突出努力；但不可否认，中国到2060年实现净零排放仍任重道远。在能源结构的低碳转型方面，我们相信中国将言必信、行必果，同样，在此过程中国际合作对中国来说至关重要。 这份报告使用了香港科技大学（广州）的数据和模型，研究了未来可能出现的一些情景，在每种情景下，中国的能源转型轨迹不同，实现《联合国气候变化框架公约》目标的可能性也不同。 最差的情景是，电力需求量保持高速增长，电力需求量超过中国电力企业联合会的预测，到2030年达到每年12太瓦时。在这种情景下，中国的碳排放峰值要到2035年后才能实现，这将使中国2060年前实现碳中和目标面临巨大压力。 在稍好一些的情景下，电力需求年增长率为3.07%，与中国电力企业联合会的预测一致。在这种情况下，中国的碳排放峰值预计仍将提前至2033年。 第三种情景则显示了强有力的国际伙伴关系可以取得的积极成果。在这种情况下，中国的年电力需求仍以5.69%的速度增长，但通过全球合作，解决可再生能源的发电储存和传输中的问题，实现2030年碳达峰目标。 研究表明，中国经济持续增长的同时提早实现碳达峰是有可能的。需要明确：中国在未来通往清洁能源的道路将充满挑战，但转型的潜在回报是显而易见的。没有哪个国家能够单独应对气候变化，但中国在减少使用煤炭方面取得的进展将对全球应对气候危机的进程产生重大影响。 立即开展在能源技术方面的国际合作是至关重要的，这些技术将帮助中国能源结构从煤炭转向可再生能源。中国在清洁能源转型方面的领先经验可以成为全球蓝本，为其他国家提供可效仿的解决方案。尽管能源转型的风险很高，但通过全球努力，其回报可能更高，足以影响全子孙后代的未来。 本文原文发表在中国日报国际版，原标题为 ""Join hands for net-zero emissions"" 出品：中国日报中国观察智库 责编：宋平 刘夏 编辑：张钊 实习生陆添玥亦有贡献"
2024重大能源与气候议题上海对话成功在沪召开,https://tech.chinadaily.com.cn/a/202411/11/WS6731cd7da310b59111da2da3.html,(咸宁新闻网) 2024-11-11 17:23,"2024重大能源与气候议题上海对话成功在沪召开 2024重大能源与气候议题上海对话 成功在沪召开 新华网直播再创新高 265.6万人在线观看破历史纪录 上海，2024年11月7日，2024年11月7日，第四届“2024重大能源与气候议题上海对话”(简称“上海对话”)在上海顺利落下帷幕。本次会议由博众智合能源转型(Agora Energy Transition China, 简称博众智合)、上海国际问题研究院和中国投资协会能源投资专业委员会联合举办，是上海进博会配套活动“2024第五届国际碳中和与绿色投资大会”边会。大会汇聚来自亚洲、欧洲等地的能源气候专家、行业代表、利益相关方，就全球可再生能源供应链、能源与工业行业清洁转型等重大气候议题展开深入讨论。大会由新华网全程直播。继2023“上海对话”直播实现了近50万人观看记录后，今年的在线观看人数突破265万人，再创历史新高，反映出公众对于能源气候议题与全球气候治理的广泛关注。 2024年，全球局势持续动荡，刚刚结束的美国大选对全球气候议程有何影响?如何化解中欧供应链去风险化、贸易摩擦等多重挑战?即将到来的第29届联合国气候大会(COP29 )可能达成哪些共识及协议?碳边境调节机制(CBAM)的最新进展及对中国企业有何影响?在诸多热点话题涌现之际，“上海对话”的成功举办为决策者与利益相关方，以及海内外的企业和学术界同仁提供了对话沟通、深化互信、凝聚共识的国际合作平台。 博众智合中国区总裁涂建军在其开场致辞中指出：“全球供应链正面临地缘政治、技术业态、生态环境等领域多重挑战，在多重危机叠加的时代里，如何应对相关领域的挑战，将考量各国决策层的政治智慧。展望未来，中欧两大经济体、中国与全球南方国家是否能够进一步深化在清洁能源转型领域的国际合作，对于全球气候议程至关重要。” 本届“上海对话”聚焦两大核心议题： 全球地缘政治局势的变化对国际供应链，尤其清洁能源供应链的影响，以及主要经济体如何确保气候目标的落实; 工业低碳转型，并重点关注CBAM及其对我国相关行业的影响。 会议分为上下午两场。上午场由涂建军主持，上海国际问题研究院院长陈东晓、德国驻上海总领事馆副总领事卢永胜(Lukas Meyer)、中国投资协会能投委副会长兼秘书长张杰分别作开场欢迎致辞。主题演讲环节，中国工程院院士、上海交通大学智慧能源创新学院院长黄震分享了“碳中和愿景下的再电气化”、牛津能源研究所中国能源研究部主任米哈尔·梅丹(Michal Meidan)分享了“全球新能源供应链前景展望及对中国的政策启示”、复旦大学校长助理、上海科学智能研究院理事长吴力波分享了“人工智能对全球清洁能源转型及气候议程的影响”、Navius Research 总裁乔瑟姆·彼得斯(Jotham Peters)分享了“北美能源气候变化展望”。梅丹博士、吴立波教授、彼得斯先生与德国国际合作机构中德能源转型研究项目主任韦国思(Markus Wypior)、上海国际问题研究院公共政策与创新所所长于宏源在 “多重危机时代的清洁能源产业链国际合作前景展望”圆桌讨论环节均发表了精辟见解。博众智合中国工业项目顾问赵文博主持了以上圆桌研讨。 下午场由博众智合中国工业项目高级顾问王立主持。Sandbag智库的执行总裁阿德里安·阿苏斯(Adrien Assous)分享了“欧盟碳边境调节机制最新发展与过渡期后的展望”、武汉大学欧洲问题研究中心主任、香港科技大学(广州) 客座教授齐绍洲分享了“中国碳市场扩容对贸易的影响分析”、中国钢铁工业协会副秘书长、科技环保部主任冯超分享了“新发展形式下中国钢铁行业低碳发展”、德国博众能源转型论坛德国项目主任西蒙·穆勒(Simon Müller)分享了“德国工业低碳转型展望及对中国的启示”;上海科学智能研究院首席战略官杨燕青、宝武中央研究院低碳技术总监刘颖昊、南钢集团双碳发展总监刘长亮及齐绍洲教授参与了主题为“全球供应链脱碳对钢铁低碳发展的促进作用与企业应对”的圆桌讨论。博众智合中国地方转型项目负责人 杨舟主持了以上圆桌研讨。 “本次会议带来最大的成就，不仅仅是体现在260多万人在线观看，还体现在我们今天形成的共识，能够转化为我们未来行动的动力”，联合主办方代表于宏源所长在闭幕致辞期间谈到了对“上海对话”的期许：“希望在明年的COP30上，我们今天的讨论、交流成果，会转化为我们在清洁能源、工业转型，以及全球碳市场领域的共同行动。” 关于博众智合能源转型 博众智合能源转型(Agora Energy Transition China)成立于2021 年，致力于制定可行和科学的提案，以推进中国和世界其他地区的清洁能源转型及净零排放进程。我们的重点研究领域是清洁电力系统转型、工业脱碳和地区能源转型。我们同时致力于打造研究领域内专业人士的能力建设项目、促进中国国有能源企业的碳中和转型。 作为一家专业化的能源转型及气候政策顾问机构，我们的中文名“博众智合”意为“博采众长， 智合中外”。我们的使命是为气候和公共利益服务并促进清洁能源转型及气候变化领域的国际合作。 编辑：rwzh4"
吹响COP29集结号，中国社区绿色行动故事即将亮相阿塞拜疆,https://caijing.chinadaily.com.cn/a/202411/11/WS67319ddaa310b59111da2b87.html,(东方网) 2024-11-11 10:39,10月24日，联合国环境规划署发布《2024年排放差距报告》，宣告当前的行动和政策将导致全球气温本世纪内上升2.6℃至3.1℃，即便最低升温也将对人类、地球和经济造成毁灭性影响。值此决定全球气候未来的关键时刻，承载气候厚望的《联合国气候变化框架公约》第二十九次缔约方大会（COP29）将于2024年11月11日至22日在阿塞拜疆巴库举行。 作为长期深耕中国城市社区气候行动的公益组织，万科公益基金会今年将第十一次参加气候变化COP大会。本次大会，万科公益基金会将在大会蓝区“中国国家馆”（China Pavilion）、UN会议区等场所参与和支持5场主题边会，受邀参加多场专题讨论。除此之外，万科公益基金会还将通过项目成果展、新闻发布会等形式，多层次地开展国际对话和交流活动，生动呈现中国民间社会组织应对气候变化的积极行动。 在UN边会区的“以人为本的循环经济转型-创造有利因素”主题边会上，万科公益基金会将邀请来自中国、英国、巴西、加纳等国的专家及实践者，展示各自在循环经济领域中的最新实践，就循环经济应如何在应对气候变化的同时，有效促进创新和就业、保护公众健康、调动社区参与展开深入研讨。 在为期2天的项目成果主题展上，万科公益基金会将通过多媒体沉浸式策展的形式，立体呈现珠峰雪豹栖息地的保护、故宫零废弃项目、碳中和社区建设、黑水虻处理厨余废弃物、社区居民的绿色行动等相关气候项目成果，并配以故宫回收塑料瓶制成的文创品、珠峰雪豹画册、黑水虻模型、大梅沙碳中和社区导览图、居民绿色行动手账等实物生动展示万科公益基金会富有创新、多角度切入的气候行动实践，旨在让世界直观看到中国民间的创新行动。 自2009年万科公益基金会理事长王石先生在哥本哈根与气候大会结缘以来，他持续参加气候变化COP大会，积极倡导中国企业和社会组织参与全球气候治理，提升来自中国民间的气候声音，参与讲好中国气候故事。 为此，万科公益基金会将携手大道应对气候变化促进中心（C Team）、环境资助者网络（CEGA）等合作伙伴，分别组织“数字化日边会”、“企业日边会”等活动，为中国和世界各地的众多企业和社会组织提供讨论交流的多元对话平台，并在COP大会现场召开新闻发布会，发布《气候慈善影响力案例》及《中国企业气候行动优秀案例》等最新成果报告。 万科公益基金会一直支持中国民间组织积极参与COP大会和全球气候治理。2024年，万科公益基金会携手中国国际民间组织合作促进会和C Team，发起了旨在助力中国社会组织了解COP大会、申请UNFCC观察员资格的“COP同行”项目。该项目先后举办了COP29培训研讨会及行前会。本届COP大会期间，项目将支持4家社会组织赴COP29现场参会。同期，万科公益基金会还与盎然气候行动研究院发起“盎然启航”项目，将在COP29期间，为中国青年与新世代企业家提供气候治理解读和商业战略交流平台，赋能其融入全球气候合作。 全球气候危机之下，没有人是旁观者。随着开幕日的临近，全世界的目光都开始聚焦阿塞拜疆巴库。COP29不仅是一场会议，更是一次气候治理的集结号，承载着全球对绿色未来的共同期冀，万科公益基金会等多家中国社会组织已经做好准备，奔赴这场关乎全人类命运和可持续发展方向的会议，与国际社会同舟共济，共同为实现气候目标携手努力。
